Date,Visitor/Neutral,PTS,Home/Neutral,PTS,OT,Notes
Sat Nov 30 2013,Rhode Island,54,George Mason,61,,
Tue Jan 7 2014,Saint Louis,59,Rhode Island,58,,
Wed Jan 8 2014,Fordham,81,Duquesne,87,,
Wed Jan 8 2014,Saint Joseph's,62,Massachusetts,66,,
Wed Jan 8 2014,Richmond,70,St. Bonaventure,84,,
Thu Jan 9 2014,George Washington,72,La Salle,76,,
Thu Jan 9 2014,George Mason,57,Virginia Commonwealth,71,,
Sat Jan 11 2014,Saint Louis,67,Dayton,59,,
Sat Jan 11 2014,Richmond,77,Fordham,74,OT,
Sat Jan 11 2014,Saint Joseph's,84,George Mason,80,,
Sat Jan 11 2014,Rhode Island,56,George Washington,69,,
Sat Jan 11 2014,St. Bonaventure,68,Massachusetts,73,,
Sun Jan 12 2014,La Salle,75,Duquesne,56,,
Tue Jan 14 2014,Virginia Commonwealth,66,George Washington,76,,
Wed Jan 15 2014,Dayton,80,Fordham,68,,
Wed Jan 15 2014,Massachusetts,88,George Mason,87,,
Wed Jan 15 2014,Rhode Island,62,La Salle,72,,
Wed Jan 15 2014,Duquesne,75,Saint Joseph's,84,,
Wed Jan 15 2014,St. Bonaventure,60,Saint Louis,66,,
Sat Jan 18 2014,George Mason,69,Rhode Island,71,OT,
Date,Visitor/Neutral,PTS,Home/Neutral,PTS,OT,Notes
Sat Jan 18 2014,Dayton,64,Richmond,73,,
Sat Jan 18 2014,Fordham,48,Saint Louis,70,,
Sat Jan 18 2014,George Washington,79,St. Bonaventure,71,,
Sat Jan 18 2014,Duquesne,65,Virginia Commonwealth,80,,
Wed Jan 22 2014,Virginia Commonwealth,80,Dayton,66,,
Wed Jan 22 2014,Saint Louis,76,Duquesne,72,,
Wed Jan 22 2014,George Mason,70,Fordham,76,,
Wed Jan 22 2014,Massachusetts,55,Richmond,58,,
Wed Jan 22 2014,Rhode Island,57,Saint Joseph's,61,,
Wed Jan 22 2014,La Salle,51,St. Bonaventure,66,,
Sat Jan 25 2014,St. Bonaventure,81,Duquesne,83,,
Sat Jan 25 2014,George Washington,75,George Mason,69,,
Sat Jan 25 2014,Virginia Commonwealth,97,La Salle,89,2OT,
Sat Jan 25 2014,Dayton,76,Rhode Island,88,,
Sat Jan 25 2014,Saint Joseph's,62,Richmond,77,,
Sun Jan 26 2014,Fordham,52,Massachusetts,90,,
Wed Jan 29 2014,Saint Joseph's,60,Dayton,57,,
Wed Jan 29 2014,La Salle,47,George Washington,69,,
Wed Jan 29 2014,Richmond,57,Saint Louis,77,,
Wed Jan 29 2014,Massachusetts,65,St. Bonaventure,78,,
Date,Visitor/Neutral,PTS,Home/Neutral,PTS,OT,Notes
Wed Jan 29 2014,Fordham,60,Virginia Commonwealth,76,,
Sat Feb 1 2014,George Washington,65,Dayton,75,,
Sat Feb 1 2014,Rhode Island,79,Fordham,85,,
Sat Feb 1 2014,Duquesne,63,La Salle,71,,
Sat Feb 1 2014,Massachusetts,68,Saint Joseph's,73,,
Sat Feb 1 2014,George Mason,81,Saint Louis,87,OT,
Sat Feb 1 2014,Richmond,70,Virginia Commonwealth,81,,
Wed Feb 5 2014,Dayton,84,George Mason,67,,
Wed Feb 5 2014,Duquesne,57,George Washington,71,,
Wed Feb 5 2014,La Salle,67,Massachusetts,79,,
Wed Feb 5 2014,St. Bonaventure,62,Richmond,64,,
Wed Feb 5 2014,Saint Louis,65,Saint Joseph's,49,,
Thu Feb 6 2014,Rhode Island,52,Virginia Commonwealth,68,,
Sat Feb 8 2014,George Mason,74,Duquesne,68,,
Sat Feb 8 2014,Fordham,67,George Washington,93,,
Sat Feb 8 2014,Saint Louis,65,La Salle,63,,
Sat Feb 8 2014,Virginia Commonwealth,62,Saint Joseph's,69,,
Sat Feb 8 2014,Dayton,72,St. Bonaventure,69,,
Sun Feb 9 2014,Massachusetts,73,Rhode Island,68,,
Wed Feb 12 2014,Rhode Island,69,Dayton,76,,
Date,Visitor/Neutral,PTS,Home/Neutral,PTS,OT,Notes
Wed Feb 12 2014,Richmond,75,Duquesne,58,,
Wed Feb 12 2014,St. Bonaventure,76,Fordham,65,,
Wed Feb 12 2014,George Mason,91,Massachusetts,80,,
Wed Feb 12 2014,George Washington,75,Virginia Commonwealth,92,,
Sat Feb 15 2014,St. Bonaventure,85,George Mason,73,,
Sat Feb 15 2014,Massachusetts,67,George Washington,61,,
Sat Feb 15 2014,Saint Joseph's,75,La Salle,64,,
Sat Feb 15 2014,Duquesne,83,Rhode Island,71,,
Sat Feb 15 2014,Fordham,70,Richmond,82,,
Sat Feb 15 2014,Virginia Commonwealth,62,Saint Louis,64,,
Tue Feb 18 2014,George Washington,73,Richmond,65,,
Wed Feb 19 2014,La Salle,53,Dayton,65,,
Wed Feb 19 2014,Saint Louis,89,George Mason,85,OT,
Wed Feb 19 2014,Saint Joseph's,57,Rhode Island,54,,
Wed Feb 19 2014,Duquesne,67,St. Bonaventure,71,,
Fri Feb 21 2014,Virginia Commonwealth,75,Massachusetts,80,,
Sat Feb 22 2014,Dayton,57,Duquesne,54,,
Sat Feb 22 2014,La Salle,49,Richmond,62,,
Sat Feb 22 2014,Fordham,72,Saint Joseph's,87,,
Sat Feb 22 2014,George Washington,59,Saint Louis,66,,
Date,Visitor/Neutral,PTS,Home/Neutral,PTS,OT,Notes
Sat Feb 22 2014,Rhode Island,87,St. Bonaventure,78,,
Tue Feb 25 2014,Dayton,53,Saint Joseph's,79,,
Wed Feb 26 2014,Richmond,60,George Mason,69,,
Wed Feb 26 2014,St. Bonaventure,67,La Salle,75,,
Wed Feb 26 2014,Rhode Island,67,Massachusetts,70,,
Thu Feb 27 2014,Virginia Commonwealth,85,Fordham,66,,
Thu Feb 27 2014,Duquesne,71,Saint Louis,64,,
Sat Mar 1 2014,Massachusetts,79,Dayton,86,,
Sat Mar 1 2014,La Salle,64,Fordham,62,,
Sat Mar 1 2014,Richmond,43,Rhode Island,66,,
Sat Mar 1 2014,Saint Joseph's,83,St. Bonaventure,74,,
Sat Mar 1 2014,Saint Louis,56,Virginia Commonwealth,67,,
Sun Mar 2 2014,George Mason,58,George Washington,66,,
Wed Mar 5 2014,Massachusetts,78,Duquesne,74,,
Wed Mar 5 2014,Saint Joseph's,71,George Washington,76,,
Wed Mar 5 2014,Fordham,65,Rhode Island,77,,
Wed Mar 5 2014,Dayton,72,Saint Louis,67,,
Thu Mar 6 2014,George Mason,59,La Salle,57,,
Thu Mar 6 2014,Virginia Commonwealth,56,Richmond,50,,
Sat Mar 8 2014,Richmond,48,Dayton,60,,
Date,Visitor/Neutral,PTS,Home/Neutral,PTS,OT,Notes
Sat Mar 8 2014,George Washington,70,Fordham,67,,
Sat Mar 8 2014,Duquesne,81,George Mason,69,,
Sat Mar 8 2014,St. Bonaventure,67,Virginia Commonwealth,86,,
Sun Mar 9 2014,Saint Louis,64,Massachusetts,62,,
Sun Mar 9 2014,La Salle,71,Saint Joseph's,63,,
Wed Mar 12 2014,George Mason,67,Fordham,70,,A-10 First Round
Thu Mar 13 2014,Fordham,74,Dayton,87,,A-10 Second Round
Thu Mar 13 2014,Richmond,76,Duquesne,64,,A-10 Second Round
Thu Mar 13 2014,St. Bonaventure,82,La Salle,72,,A-10 Second Round
Thu Mar 13 2014,Rhode Island,61,Massachusetts,65,,A-10 Second Round
Fri Mar 14 2014,Saint Joseph's,70,Dayton,67,,A-10 Quarterfinal
Fri Mar 14 2014,Massachusetts,77,George Washington,85,,A-10 Quarterfinal
Fri Mar 14 2014,Virginia Commonwealth,71,Richmond,53,,A-10 Quarterfinal
Fri Mar 14 2014,St. Bonaventure,71,Saint Louis,68,,A-10 Quarterfinal
Sat Mar 15 2014,Virginia Commonwealth,74,George Washington,55,,A-10 Semifinal
Sat Mar 15 2014,St. Bonaventure,48,Saint Joseph's,67,,A-10 Semifinal
Sun Mar 16 2014,Virginia Commonwealth,61,Saint Joseph's,65,,A-10 Final
Date,Visitor/Neutral,PTS,Home/Neutral,PTS,OT,Notes
Tue Jan 7 2014,Vanderbilt,63,Alabama,68,,
Tue Jan 7 2014,Tennessee,68,Louisiana State,50,,
Wed Jan 8 2014,South Carolina,58,Florida,74,,
Wed Jan 8 2014,Mississippi State,63,Kentucky,85,,
Wed Jan 8 2014,Georgia,70,Missouri,64,OT,
Wed Jan 8 2014,Arkansas,53,Texas A&M,69,,
Thu Jan 9 2014,Auburn,62,Mississippi,65,,
Sat Jan 11 2014,Florida,84,Arkansas,82,OT,
Sat Jan 11 2014,Missouri,70,Auburn,68,,
Sat Jan 11 2014,Alabama,58,Georgia,66,,
Sat Jan 11 2014,Mississippi,72,Mississippi State,76,,
Sat Jan 11 2014,Louisiana State,71,South Carolina,68,,
Sat Jan 11 2014,Texas A&M,57,Tennessee,56,,
Sat Jan 11 2014,Kentucky,71,Vanderbilt,62,,
Tue Jan 14 2014,Kentucky,85,Arkansas,87,OT,
Tue Jan 14 2014,Georgia,50,Florida,72,,
Wed Jan 15 2014,Mississippi State,61,Alabama,80,,
Wed Jan 15 2014,Louisiana State,74,Mississippi,88,OT,
Wed Jan 15 2014,Auburn,67,Tennessee,78,,
Wed Jan 15 2014,South Carolina,67,Texas A&M,75,,
Date,Visitor/Neutral,PTS,Home/Neutral,PTS,OT,Notes
Thu Jan 16 2014,Missouri,75,Vanderbilt,78,,
Sat Jan 18 2014,Florida,68,Auburn,61,,
Sat Jan 18 2014,Arkansas,61,Georgia,66,OT,
Sat Jan 18 2014,Tennessee,66,Kentucky,74,,
Sat Jan 18 2014,Vanderbilt,58,Louisiana State,81,,
Sat Jan 18 2014,Texas A&M,72,Mississippi State,81,OT,
Sat Jan 18 2014,Alabama,47,Missouri,68,,
Sat Jan 18 2014,Mississippi,75,South Carolina,74,,
Tue Jan 21 2014,Texas A&M,51,Kentucky,68,,
Tue Jan 21 2014,Missouri,71,Louisiana State,77,,
Wed Jan 22 2014,South Carolina,76,Georgia,97,,
Wed Jan 22 2014,Auburn,74,Mississippi State,82,,
Wed Jan 22 2014,Arkansas,74,Tennessee,81,,
Wed Jan 22 2014,Mississippi,63,Vanderbilt,52,,
Thu Jan 23 2014,Florida,68,Alabama,62,,
Sat Jan 25 2014,Louisiana State,80,Alabama,82,,
Sat Jan 25 2014,Auburn,67,Arkansas,86,,
Sat Jan 25 2014,Tennessee,41,Florida,67,,
Sat Jan 25 2014,Georgia,54,Kentucky,79,,
Sat Jan 25 2014,Mississippi State,63,Mississippi,82,,
Date,Visitor/Neutral,PTS,Home/Neutral,PTS,OT,Notes
Sat Jan 25 2014,South Carolina,74,Missouri,82,,
Sat Jan 25 2014,Vanderbilt,66,Texas A&M,55,,
Tue Jan 28 2014,Missouri,75,Arkansas,71,,
Tue Jan 28 2014,Kentucky,82,Louisiana State,87,,
Wed Jan 29 2014,Vanderbilt,59,Georgia,54,,
Wed Jan 29 2014,Texas A&M,52,South Carolina,80,,
Wed Jan 29 2014,Mississippi,70,Tennessee,86,,
Thu Jan 30 2014,Alabama,55,Auburn,74,,
Thu Jan 30 2014,Florida,62,Mississippi State,51,,
Sat Feb 1 2014,Tennessee,76,Alabama,59,,
Sat Feb 1 2014,Georgia,67,Auburn,74,,
Sat Feb 1 2014,Texas A&M,36,Florida,69,,
Sat Feb 1 2014,Arkansas,74,Louisiana State,88,,
Sat Feb 1 2014,South Carolina,71,Mississippi,75,,
Sat Feb 1 2014,Kentucky,84,Missouri,79,,
Sat Feb 1 2014,Mississippi State,49,Vanderbilt,55,,
Tue Feb 4 2014,Missouri,58,Florida,68,,
Tue Feb 4 2014,Mississippi,64,Kentucky,80,,
Wed Feb 5 2014,Alabama,58,Arkansas,65,,
Wed Feb 5 2014,Auburn,79,South Carolina,74,,
Date,Visitor/Neutral,PTS,Home/Neutral,PTS,OT,Notes
Wed Feb 5 2014,Mississippi State,52,Texas A&M,72,,
Wed Feb 5 2014,Tennessee,60,Vanderbilt,64,,
Thu Feb 6 2014,Louisiana State,78,Georgia,91,,
Sat Feb 8 2014,Alabama,69,Florida,78,,
Sat Feb 8 2014,Texas A&M,50,Georgia,62,,
Sat Feb 8 2014,Auburn,80,Louisiana State,87,,
Sat Feb 8 2014,Missouri,88,Mississippi,91,,
Sat Feb 8 2014,Kentucky,69,Mississippi State,59,,
Sat Feb 8 2014,South Carolina,53,Tennessee,72,,
Sat Feb 8 2014,Arkansas,77,Vanderbilt,75,,
Tue Feb 11 2014,Mississippi,64,Alabama,67,,
Tue Feb 11 2014,Florida,67,Tennessee,58,,
Wed Feb 12 2014,Kentucky,64,Auburn,56,,
Wed Feb 12 2014,Georgia,75,Mississippi State,55,,
Wed Feb 12 2014,Louisiana State,73,Texas A&M,83,,
Thu Feb 13 2014,Arkansas,85,Missouri,86,,
Thu Feb 13 2014,Vanderbilt,59,South Carolina,65,,
Sat Feb 15 2014,Louisiana State,70,Arkansas,81,,
Sat Feb 15 2014,Mississippi State,82,Auburn,92,,
Sat Feb 15 2014,Mississippi,60,Georgia,61,,
Date,Visitor/Neutral,PTS,Home/Neutral,PTS,OT,Notes
Sat Feb 15 2014,Florida,69,Kentucky,59,,
Sat Feb 15 2014,Tennessee,70,Missouri,75,,
Sat Feb 15 2014,Alabama,66,South Carolina,67,,
Sat Feb 15 2014,Texas A&M,54,Vanderbilt,57,OT,
Tue Feb 18 2014,Kentucky,84,Mississippi,70,,
Tue Feb 18 2014,Georgia,48,Tennessee,67,,
Wed Feb 19 2014,South Carolina,64,Arkansas,71,,
Wed Feb 19 2014,Auburn,66,Florida,71,,
Wed Feb 19 2014,Mississippi State,81,Louisiana State,92,,
Wed Feb 19 2014,Vanderbilt,64,Missouri,67,,
Thu Feb 20 2014,Alabama,48,Texas A&M,63,,
Sat Feb 22 2014,Missouri,73,Alabama,80,,
Sat Feb 22 2014,Vanderbilt,67,Auburn,59,,
Sat Feb 22 2014,Louisiana State,76,Kentucky,77,OT,
Sat Feb 22 2014,Florida,75,Mississippi,71,,
Sat Feb 22 2014,Arkansas,73,Mississippi State,69,,
Sat Feb 22 2014,Georgia,73,South Carolina,56,,
Sat Feb 22 2014,Tennessee,65,Texas A&M,68,OT,
Tue Feb 25 2014,Missouri,56,Georgia,71,,
Tue Feb 25 2014,Florida,57,Vanderbilt,54,,
Date,Visitor/Neutral,PTS,Home/Neutral,PTS,OT,Notes
Wed Feb 26 2014,South Carolina,67,Auburn,83,,
Wed Feb 26 2014,Texas A&M,49,Louisiana State,68,,
Wed Feb 26 2014,Alabama,67,Mississippi,79,,
Wed Feb 26 2014,Tennessee,75,Mississippi State,68,,
Thu Feb 27 2014,Arkansas,71,Kentucky,67,OT,
Sat Mar 1 2014,Auburn,57,Alabama,73,,
Sat Mar 1 2014,Georgia,75,Arkansas,87,,
Sat Mar 1 2014,Louisiana State,61,Florida,79,,
Sat Mar 1 2014,Mississippi State,66,Missouri,85,,
Sat Mar 1 2014,Kentucky,67,South Carolina,72,,
Sat Mar 1 2014,Vanderbilt,38,Tennessee,76,,
Sat Mar 1 2014,Mississippi,60,Texas A&M,71,,
Tue Mar 4 2014,Alabama,48,Kentucky,55,,
Tue Mar 4 2014,Florida,72,South Carolina,46,,
Wed Mar 5 2014,Mississippi,80,Arkansas,110,,
Wed Mar 5 2014,Tennessee,82,Auburn,54,,
Wed Mar 5 2014,Mississippi State,45,Georgia,66,,
Wed Mar 5 2014,Texas A&M,56,Missouri,57,,
Thu Mar 6 2014,Louisiana State,57,Vanderbilt,51,,
Sat Mar 8 2014,Arkansas,58,Alabama,83,,
Date,Visitor/Neutral,PTS,Home/Neutral,PTS,OT,Notes
Sat Mar 8 2014,Kentucky,65,Florida,84,,
Sat Mar 8 2014,Georgia,69,Louisiana State,61,,
Sat Mar 8 2014,Vanderbilt,62,Mississippi,65,,
Sat Mar 8 2014,South Carolina,74,Mississippi State,62,,
Sat Mar 8 2014,Missouri,45,Tennessee,72,,
Sat Mar 8 2014,Auburn,69,Texas A&M,64,,
Wed Mar 12 2014,South Carolina,74,Auburn,56,,SEC First Round
Wed Mar 12 2014,Vanderbilt,68,Mississippi State,82,,SEC First Round
Thu Mar 13 2014,Louisiana State,68,Alabama,56,,SEC Second Round
Thu Mar 13 2014,South Carolina,71,Arkansas,69,,SEC Second Round
Thu Mar 13 2014,Mississippi State,66,Mississippi,78,,SEC Second Round
Thu Mar 13 2014,Texas A&M,83,Missouri,91,2OT,SEC Second Round
Fri Mar 14 2014,Missouri,49,Florida,72,,SEC Quarterfinal
Fri Mar 14 2014,Mississippi,73,Georgia,75,,SEC Quarterfinal
Fri Mar 14 2014,Louisiana State,67,Kentucky,85,,SEC Quarterfinal
Fri Mar 14 2014,Tennessee,59,South Carolina,44,,SEC Quarterfinal
Sat Mar 15 2014,Tennessee,49,Florida,56,,SEC Semifinal
Sat Mar 15 2014,Kentucky,70,Georgia,58,,SEC Semifinal
Sun Mar 16 2014,Kentucky,60,Florida,61,,SEC Final
Date,Visitor/Neutral,PTS,Home/Neutral,PTS,OT,Notes
Sat Jan 4 2014,Oklahoma State,71,Kansas State,74,,
Sat Jan 4 2014,Oklahoma,88,Texas,85,,
Sat Jan 4 2014,West Virginia,74,Texas Christian,69,,
Sat Jan 4 2014,Iowa State,73,Texas Tech,62,,
Mon Jan 6 2014,West Virginia,89,Texas Tech,86,OT,
Tue Jan 7 2014,Baylor,72,Iowa State,87,,
Tue Jan 7 2014,Kansas State,65,Texas Christian,47,,
Wed Jan 8 2014,Kansas,90,Oklahoma,83,,
Wed Jan 8 2014,Texas,74,Oklahoma State,87,,
Sat Jan 11 2014,Texas Christian,62,Baylor,88,,
Sat Jan 11 2014,Kansas State,60,Kansas,86,,
Sat Jan 11 2014,Iowa State,82,Oklahoma,87,,
Sat Jan 11 2014,Texas Tech,64,Texas,67,,
Sat Jan 11 2014,Oklahoma State,73,West Virginia,72,,
Mon Jan 13 2014,Kansas,77,Iowa State,70,,
Mon Jan 13 2014,Texas,80,West Virginia,69,,
Tue Jan 14 2014,Oklahoma,66,Kansas State,72,,
Wed Jan 15 2014,Texas Christian,50,Oklahoma State,82,,
Wed Jan 15 2014,Baylor,72,Texas Tech,82,,
Sat Jan 18 2014,Oklahoma,66,Baylor,64,,
Date,Visitor/Neutral,PTS,Home/Neutral,PTS,OT,Notes
Sat Jan 18 2014,Oklahoma State,78,Kansas,80,,
Sat Jan 18 2014,West Virginia,56,Kansas State,78,,
Sat Jan 18 2014,Iowa State,76,Texas,86,,
Sat Jan 18 2014,Texas Tech,60,Texas Christian,49,,
Mon Jan 20 2014,Baylor,68,Kansas,78,,
Tue Jan 21 2014,Kansas State,64,Texas,67,,
Wed Jan 22 2014,Texas Christian,69,Oklahoma,77,,
Wed Jan 22 2014,Texas Tech,81,West Virginia,87,,
Sat Jan 25 2014,Texas,74,Baylor,60,,
Sat Jan 25 2014,Kansas State,75,Iowa State,81,,
Sat Jan 25 2014,West Virginia,75,Oklahoma State,81,,
Sat Jan 25 2014,Kansas,91,Texas Christian,69,,
Sat Jan 25 2014,Oklahoma,74,Texas Tech,65,,
Mon Jan 27 2014,Oklahoma State,76,Oklahoma,88,,
Tue Jan 28 2014,West Virginia,66,Baylor,64,,
Tue Jan 28 2014,Texas Tech,58,Kansas State,66,,
Wed Jan 29 2014,Iowa State,81,Kansas,92,,
Sat Feb 1 2014,Oklahoma,75,Iowa State,81,,
Sat Feb 1 2014,Baylor,76,Oklahoma State,70,,
Sat Feb 1 2014,Kansas,69,Texas,81,,
Date,Visitor/Neutral,PTS,Home/Neutral,PTS,OT,Notes
Sat Feb 1 2014,Texas Christian,54,Texas Tech,60,,
Sat Feb 1 2014,Kansas State,71,West Virginia,81,,
Mon Feb 3 2014,Iowa State,98,Oklahoma State,97,3OT,
Tue Feb 4 2014,Kansas,69,Baylor,52,,
Tue Feb 4 2014,Texas,59,Texas Christian,54,,
Wed Feb 5 2014,Oklahoma,86,West Virginia,91,OT,
Sat Feb 8 2014,Texas Christian,69,Iowa State,84,,
Sat Feb 8 2014,West Virginia,69,Kansas,83,,
Sat Feb 8 2014,Texas,57,Kansas State,74,,
Sat Feb 8 2014,Baylor,72,Oklahoma,88,,
Sat Feb 8 2014,Oklahoma State,61,Texas Tech,65,,
Mon Feb 10 2014,Kansas,82,Kansas State,85,OT,
Mon Feb 10 2014,Iowa State,77,West Virginia,102,,
Tue Feb 11 2014,Oklahoma State,68,Texas,87,,
Wed Feb 12 2014,Texas Tech,68,Oklahoma,60,,
Wed Feb 12 2014,Baylor,91,Texas Christian,58,,
Sat Feb 15 2014,Kansas State,73,Baylor,87,2OT,
Sat Feb 15 2014,Texas Tech,64,Iowa State,70,,
Sat Feb 15 2014,Texas Christian,65,Kansas,95,,
Sat Feb 15 2014,Oklahoma,77,Oklahoma State,74,,
Date,Visitor/Neutral,PTS,Home/Neutral,PTS,OT,Notes
Sat Feb 15 2014,West Virginia,71,Texas,88,,
Mon Feb 17 2014,Oklahoma State,64,Baylor,70,OT,
Tue Feb 18 2014,Texas,76,Iowa State,85,,
Tue Feb 18 2014,Kansas,64,Texas Tech,63,,
Wed Feb 19 2014,Texas Christian,53,Kansas State,65,,
Sat Feb 22 2014,Texas,54,Kansas,85,,
Sat Feb 22 2014,Kansas State,73,Oklahoma,86,,
Sat Feb 22 2014,Texas Tech,62,Oklahoma State,84,,
Sat Feb 22 2014,Iowa State,71,Texas Christian,60,,
Sat Feb 22 2014,Baylor,88,West Virginia,75,,
Mon Feb 24 2014,Oklahoma,75,Kansas,83,,
Mon Feb 24 2014,Oklahoma State,76,Texas Christian,54,,
Tue Feb 25 2014,Kansas State,60,Texas Tech,56,,
Wed Feb 26 2014,West Virginia,66,Iowa State,83,,
Wed Feb 26 2014,Baylor,69,Texas,74,,
Sat Mar 1 2014,Texas Tech,49,Baylor,59,,
Sat Mar 1 2014,Iowa State,73,Kansas State,80,,
Sat Mar 1 2014,Texas,65,Oklahoma,77,,
Sat Mar 1 2014,Kansas,65,Oklahoma State,72,,
Sat Mar 1 2014,Texas Christian,59,West Virginia,81,,
Date,Visitor/Neutral,PTS,Home/Neutral,PTS,OT,Notes
Mon Mar 3 2014,Kansas State,61,Oklahoma State,77,,
Tue Mar 4 2014,Iowa State,61,Baylor,74,,
Wed Mar 5 2014,Texas Tech,57,Kansas,82,,
Wed Mar 5 2014,West Virginia,62,Oklahoma,72,,
Wed Mar 5 2014,Texas Christian,54,Texas,66,,
Sat Mar 8 2014,Oklahoma State,81,Iowa State,85,OT,
Sat Mar 8 2014,Baylor,76,Kansas State,74,,
Sat Mar 8 2014,Oklahoma,97,Texas Christian,67,,
Sat Mar 8 2014,Texas,53,Texas Tech,59,,
Sat Mar 8 2014,Kansas,86,West Virginia,92,,
Wed Mar 12 2014,Texas Christian,68,Baylor,76,,Big 12 First Round
Wed Mar 12 2014,Texas Tech,62,Oklahoma State,80,,Big 12 First Round
Thu Mar 13 2014,Oklahoma,73,Baylor,78,,Big 12 Quarterfinal
Thu Mar 13 2014,Kansas State,85,Iowa State,91,,Big 12 Quarterfinal
Thu Mar 13 2014,Oklahoma State,70,Kansas,77,OT,Big 12 Quarterfinal
Thu Mar 13 2014,West Virginia,49,Texas,66,,Big 12 Quarterfinal
Fri Mar 14 2014,Texas,69,Baylor,86,,Big 12 Semifinal
Fri Mar 14 2014,Kansas,83,Iowa State,94,,Big 12 Semifinal
Sat Mar 15 2014,Iowa State,74,Baylor,65,,Big 12 Final
Date,Visitor/Neutral,PTS,Home/Neutral,PTS,OT,Notes
Sun Dec 8 2013,Virginia Tech,61,Miami (FL),60,OT,
Thu Dec 12 2013,Maryland,88,Boston College,80,,
Sat Jan 4 2014,Clemson,62,Boston College,60,,
Sat Jan 4 2014,Virginia,62,Florida State,50,,
Sat Jan 4 2014,Georgia Tech,61,Maryland,77,,
Sat Jan 4 2014,Pittsburgh,74,North Carolina State,62,,
Sat Jan 4 2014,Duke,77,Notre Dame,79,,
Sat Jan 4 2014,Miami (FL),44,Syracuse,49,,
Sun Jan 5 2014,North Carolina,67,Wake Forest,73,,
Mon Jan 6 2014,Maryland,59,Pittsburgh,79,,
Tue Jan 7 2014,Georgia Tech,57,Duke,79,,
Tue Jan 7 2014,North Carolina State,77,Notre Dame,70,,
Tue Jan 7 2014,Syracuse,72,Virginia Tech,52,,
Wed Jan 8 2014,Miami (FL),63,North Carolina,57,,
Wed Jan 8 2014,Wake Forest,51,Virginia,74,,
Thu Jan 9 2014,Florida State,56,Clemson,41,,
Sat Jan 11 2014,Duke,59,Clemson,72,,
Sat Jan 11 2014,Notre Dame,69,Georgia Tech,74,,
Sat Jan 11 2014,Virginia,76,North Carolina State,45,,
Sat Jan 11 2014,Wake Forest,65,Pittsburgh,80,,
Date,Visitor/Neutral,PTS,Home/Neutral,PTS,OT,Notes
Sat Jan 11 2014,North Carolina,45,Syracuse,57,,
Sat Jan 11 2014,Boston College,62,Virginia Tech,59,,
Sun Jan 12 2014,Maryland,61,Florida State,85,,
Mon Jan 13 2014,Syracuse,69,Boston College,59,,
Mon Jan 13 2014,Virginia,65,Duke,69,,
Tue Jan 14 2014,Pittsburgh,81,Georgia Tech,74,,
Wed Jan 15 2014,Notre Dame,66,Maryland,74,,
Wed Jan 15 2014,Florida State,63,Miami (FL),53,,
Wed Jan 15 2014,Clemson,56,Virginia Tech,49,,
Wed Jan 15 2014,North Carolina State,69,Wake Forest,70,,
Sat Jan 18 2014,Wake Forest,53,Clemson,61,,
Sat Jan 18 2014,North Carolina State,60,Duke,95,,
Sat Jan 18 2014,Miami (FL),56,Georgia Tech,42,,
Sat Jan 18 2014,Boston College,71,North Carolina,82,,
Sat Jan 18 2014,Pittsburgh,54,Syracuse,59,,
Sat Jan 18 2014,Florida State,66,Virginia,78,,
Sun Jan 19 2014,Virginia Tech,63,Notre Dame,70,,
Mon Jan 20 2014,Maryland,56,North Carolina State,65,,
Mon Jan 20 2014,North Carolina,61,Virginia,76,,
Tue Jan 21 2014,Georgia Tech,68,Boston College,60,,
Date,Visitor/Neutral,PTS,Home/Neutral,PTS,OT,Notes
Tue Jan 21 2014,Notre Dame,74,Florida State,76,,
Tue Jan 21 2014,Clemson,43,Pittsburgh,76,,
Wed Jan 22 2014,Duke,67,Miami (FL),46,,
Wed Jan 22 2014,Wake Forest,83,Virginia Tech,77,,
Sat Jan 25 2014,Florida State,56,Duke,78,,
Sat Jan 25 2014,Pittsburgh,83,Maryland,79,,
Sat Jan 25 2014,Syracuse,64,Miami (FL),52,,
Sat Jan 25 2014,Virginia Tech,45,Virginia,65,,
Sat Jan 25 2014,Notre Dame,58,Wake Forest,65,,
Sun Jan 26 2014,Clemson,61,North Carolina,80,,
Sun Jan 26 2014,Georgia Tech,78,North Carolina State,80,OT,
Mon Jan 27 2014,Duke,80,Pittsburgh,65,,
Tue Jan 28 2014,Virginia,68,Notre Dame,53,,
Wed Jan 29 2014,Virginia Tech,52,Boston College,76,,
Wed Jan 29 2014,North Carolina,78,Georgia Tech,65,,
Wed Jan 29 2014,Miami (FL),71,Maryland,74,,
Wed Jan 29 2014,Florida State,70,North Carolina State,74,,
Wed Jan 29 2014,Syracuse,67,Wake Forest,57,,
Sat Feb 1 2014,Clemson,53,Florida State,49,,
Sat Feb 1 2014,North Carolina State,70,North Carolina,84,,
Date,Visitor/Neutral,PTS,Home/Neutral,PTS,OT,Notes
Sat Feb 1 2014,Boston College,73,Notre Dame,76,OT,
Sat Feb 1 2014,Duke,89,Syracuse,91,OT,
Sat Feb 1 2014,Maryland,80,Virginia Tech,60,,
Sat Feb 1 2014,Georgia Tech,79,Wake Forest,70,,
Sun Feb 2 2014,Virginia,48,Pittsburgh,45,,
Mon Feb 3 2014,Notre Dame,55,Syracuse,61,,
Tue Feb 4 2014,Georgia Tech,41,Clemson,45,,
Tue Feb 4 2014,Wake Forest,63,Duke,83,,
Tue Feb 4 2014,Maryland,63,North Carolina,75,,
Wed Feb 5 2014,Virginia Tech,50,Florida State,70,,
Wed Feb 5 2014,Pittsburgh,59,Miami (FL),55,OT,
Wed Feb 5 2014,Boston College,67,Virginia,77,,
Sat Feb 8 2014,Duke,89,Boston College,68,,
Sat Feb 8 2014,Virginia,64,Georgia Tech,45,,
Sat Feb 8 2014,Florida State,71,Maryland,83,,
Sat Feb 8 2014,North Carolina State,56,Miami (FL),55,,
Sat Feb 8 2014,North Carolina,73,Notre Dame,62,,
Sat Feb 8 2014,Virginia Tech,57,Pittsburgh,62,2OT,
Sun Feb 9 2014,Clemson,44,Syracuse,57,,
Mon Feb 10 2014,Miami (FL),77,Florida State,73,,
Date,Visitor/Neutral,PTS,Home/Neutral,PTS,OT,Notes
Mon Feb 10 2014,Maryland,53,Virginia,61,,
Tue Feb 11 2014,Wake Forest,67,North Carolina State,82,,
Tue Feb 11 2014,Clemson,64,Notre Dame,68,2OT,
Wed Feb 12 2014,Syracuse,58,Pittsburgh,56,,
Thu Feb 13 2014,Boston College,71,Georgia Tech,74,,
Sat Feb 15 2014,Virginia,63,Clemson,58,,
Sat Feb 15 2014,Maryland,67,Duke,69,,
Sat Feb 15 2014,Pittsburgh,71,North Carolina,75,,
Sat Feb 15 2014,North Carolina State,55,Syracuse,56,,
Sat Feb 15 2014,Miami (FL),45,Virginia Tech,52,,
Sat Feb 15 2014,Florida State,67,Wake Forest,60,,
Sun Feb 16 2014,Notre Dame,73,Boston College,69,,
Mon Feb 17 2014,North Carolina,81,Florida State,75,,
Tue Feb 18 2014,North Carolina State,56,Clemson,73,,
Tue Feb 18 2014,Duke,68,Georgia Tech,51,,
Tue Feb 18 2014,Wake Forest,60,Maryland,71,,
Tue Feb 18 2014,Virginia,57,Virginia Tech,53,,
Wed Feb 19 2014,Notre Dame,64,Miami (FL),71,,
Wed Feb 19 2014,Boston College,62,Syracuse,59,OT,
Thu Feb 20 2014,Duke,66,North Carolina,74,,
Date,Visitor/Neutral,PTS,Home/Neutral,PTS,OT,Notes
Sat Feb 22 2014,Syracuse,60,Duke,66,,
Sat Feb 22 2014,Clemson,63,Georgia Tech,55,,
Sat Feb 22 2014,Boston College,42,Miami (FL),69,,
Sat Feb 22 2014,Wake Forest,72,North Carolina,105,,
Sat Feb 22 2014,Notre Dame,49,Virginia,70,,
Sat Feb 22 2014,North Carolina State,71,Virginia Tech,64,,
Sun Feb 23 2014,Florida State,71,Pittsburgh,66,,
Mon Feb 24 2014,Syracuse,57,Maryland,55,,
Tue Feb 25 2014,Virginia Tech,48,Duke,66,,
Tue Feb 25 2014,Clemson,57,Wake Forest,62,,
Wed Feb 26 2014,Pittsburgh,66,Boston College,59,,
Wed Feb 26 2014,North Carolina,85,North Carolina State,84,OT,
Wed Feb 26 2014,Georgia Tech,62,Notre Dame,65,,
Wed Feb 26 2014,Miami (FL),40,Virginia,65,,
Sat Mar 1 2014,Miami (FL),85,North Carolina State,70,,
Sat Mar 1 2014,Pittsburgh,85,Notre Dame,81,OT,
Sat Mar 1 2014,Syracuse,56,Virginia,75,,
Sat Mar 1 2014,North Carolina,60,Virginia Tech,56,,
Sat Mar 1 2014,Boston College,80,Wake Forest,72,,
Sun Mar 2 2014,Maryland,73,Clemson,77,2OT,
Date,Visitor/Neutral,PTS,Home/Neutral,PTS,OT,Notes
Sun Mar 2 2014,Georgia Tech,71,Florida State,81,,
Mon Mar 3 2014,Notre Dame,61,North Carolina,63,,
Mon Mar 3 2014,North Carolina State,74,Pittsburgh,67,,
Tue Mar 4 2014,Florida State,74,Boston College,70,,
Tue Mar 4 2014,Miami (FL),54,Clemson,58,,
Tue Mar 4 2014,Virginia Tech,47,Maryland,64,,
Tue Mar 4 2014,Georgia Tech,67,Syracuse,62,,
Wed Mar 5 2014,Duke,72,Wake Forest,82,,
Sat Mar 8 2014,Pittsburgh,83,Clemson,78,OT,
Sat Mar 8 2014,North Carolina,81,Duke,93,,
Sat Mar 8 2014,Virginia Tech,51,Georgia Tech,62,,
Sat Mar 8 2014,Wake Forest,56,Miami (FL),69,,
Sun Mar 9 2014,Syracuse,74,Florida State,58,,
Sun Mar 9 2014,Virginia,69,Maryland,75,OT,
Sun Mar 9 2014,Boston College,68,North Carolina State,78,,
Wed Mar 12 2014,Georgia Tech,73,Boston College,70,OT,ACC First Round
Wed Mar 12 2014,Virginia Tech,53,Miami (FL),57,,ACC First Round
Wed Mar 12 2014,Wake Forest,81,Notre Dame,69,,ACC First Round
Thu Mar 13 2014,Georgia Tech,65,Clemson,69,OT,ACC Second Round
Thu Mar 13 2014,Maryland,65,Florida State,67,,ACC Second Round
Date,Visitor/Neutral,PTS,Home/Neutral,PTS,OT,Notes
Thu Mar 13 2014,North Carolina State,67,Miami (FL),58,,ACC Second Round
Thu Mar 13 2014,Wake Forest,55,Pittsburgh,84,,ACC Second Round
Fri Mar 14 2014,Duke,63,Clemson,62,,ACC Quarterfinal
Fri Mar 14 2014,Virginia,64,Florida State,51,,ACC Quarterfinal
Fri Mar 14 2014,Pittsburgh,80,North Carolina,75,,ACC Quarterfinal
Fri Mar 14 2014,Syracuse,63,North Carolina State,66,,ACC Quarterfinal
Sat Mar 15 2014,North Carolina State,67,Duke,75,,ACC Semifinal
Sat Mar 15 2014,Virginia,51,Pittsburgh,48,,ACC Semifinal
Sun Mar 16 2014,Virginia,72,Duke,63,,ACC Final
Date,Visitor/Neutral,PTS,Home/Neutral,PTS,OT,Notes
Thu Jan 2 2014,Washington State,25,Arizona,60,,
Thu Jan 2 2014,Washington,76,Arizona State,65,,
Thu Jan 2 2014,Oregon State,58,Colorado,64,,
Thu Jan 2 2014,California,69,Stanford,62,,
Thu Jan 2 2014,Oregon,70,Utah,68,OT,
Sat Jan 4 2014,Washington,62,Arizona,71,,
Sat Jan 4 2014,Oregon State,69,Utah,80,,
Sun Jan 5 2014,Washington State,47,Arizona State,66,,
Sun Jan 5 2014,Oregon,91,Colorado,100,,
Sun Jan 5 2014,Southern California,73,UCLA,107,,
Wed Jan 8 2014,Utah,57,Washington,59,,
Wed Jan 8 2014,Colorado,71,Washington State,70,OT,
Thu Jan 9 2014,California,96,Oregon,83,,
Thu Jan 9 2014,Stanford,72,Oregon State,81,,
Thu Jan 9 2014,Arizona State,79,Southern California,60,,
Thu Jan 9 2014,Arizona,79,UCLA,75,,
Sat Jan 11 2014,California,88,Oregon State,83,,
Sun Jan 12 2014,Stanford,82,Oregon,80,,
Sun Jan 12 2014,Arizona,73,Southern California,53,,
Sun Jan 12 2014,Arizona State,72,UCLA,87,,
Date,Visitor/Neutral,PTS,Home/Neutral,PTS,OT,Notes
Sun Jan 12 2014,Colorado,54,Washington,71,,
Sun Jan 12 2014,Utah,46,Washington State,49,,
Wed Jan 15 2014,Washington,56,California,82,,
Wed Jan 15 2014,Washington State,48,Stanford,80,,
Thu Jan 16 2014,Arizona State,68,Arizona,91,,
Thu Jan 16 2014,UCLA,69,Colorado,56,,
Thu Jan 16 2014,Southern California,66,Utah,84,,
Sat Jan 18 2014,Washington State,55,California,76,,
Sat Jan 18 2014,Southern California,62,Colorado,83,,
Sat Jan 18 2014,Washington,67,Stanford,79,,
Sat Jan 18 2014,UCLA,69,Utah,74,,
Sun Jan 19 2014,Oregon,72,Oregon State,80,,
Wed Jan 22 2014,California,69,Southern California,77,,
Wed Jan 22 2014,Oregon State,66,Washington State,55,,
Thu Jan 23 2014,Colorado,57,Arizona,69,,
Thu Jan 23 2014,Utah,75,Arizona State,79,,
Thu Jan 23 2014,Stanford,74,UCLA,91,,
Thu Jan 23 2014,Oregon,76,Washington,80,,
Sat Jan 25 2014,Colorado,51,Arizona State,72,,
Sat Jan 25 2014,Oregon State,81,Washington,87,,
Date,Visitor/Neutral,PTS,Home/Neutral,PTS,OT,Notes
Sun Jan 26 2014,Utah,56,Arizona,65,,
Sun Jan 26 2014,Stanford,79,Southern California,71,OT,
Sun Jan 26 2014,California,64,UCLA,76,,
Sun Jan 26 2014,Oregon,71,Washington State,44,,
Wed Jan 29 2014,Arizona State,89,California,78,OT,
Wed Jan 29 2014,Arizona,60,Stanford,57,,
Thu Jan 30 2014,UCLA,70,Oregon,68,,
Thu Jan 30 2014,Southern California,75,Oregon State,76,OT,
Sat Feb 1 2014,Arizona,58,California,60,,
Sat Feb 1 2014,Utah,75,Colorado,79,OT,
Sat Feb 1 2014,Southern California,66,Oregon,78,,
Sat Feb 1 2014,Arizona State,70,Stanford,76,,
Sat Feb 1 2014,Washington,67,Washington State,72,,
Sun Feb 2 2014,UCLA,67,Oregon State,71,,
Wed Feb 5 2014,Stanford,80,California,69,,
Wed Feb 5 2014,Washington State,63,Colorado,68,,
Thu Feb 6 2014,Oregon,65,Arizona,67,,
Thu Feb 6 2014,Oregon State,82,Arizona State,86,OT,
Thu Feb 6 2014,Washington,69,Utah,78,,
Sat Feb 8 2014,Oregon,72,Arizona State,74,,
Date,Visitor/Neutral,PTS,Home/Neutral,PTS,OT,Notes
Sat Feb 8 2014,UCLA,83,Southern California,73,,
Sat Feb 8 2014,Washington State,63,Utah,81,,
Sun Feb 9 2014,Oregon State,54,Arizona,76,,
Sun Feb 9 2014,Washington,65,Colorado,91,,
Wed Feb 12 2014,Stanford,60,Washington,64,,
Wed Feb 12 2014,California,80,Washington State,76,OT,
Thu Feb 13 2014,Utah,79,Southern California,71,,
Thu Feb 13 2014,Colorado,74,UCLA,92,,
Fri Feb 14 2014,Arizona,66,Arizona State,69,2OT,
Sat Feb 15 2014,Utah,66,UCLA,80,,
Sat Feb 15 2014,California,72,Washington,59,,
Sat Feb 15 2014,Stanford,69,Washington State,56,,
Sun Feb 16 2014,Oregon State,83,Oregon,93,,
Sun Feb 16 2014,Colorado,83,Southern California,74,,
Wed Feb 19 2014,UCLA,86,California,66,,
Wed Feb 19 2014,Arizona State,52,Colorado,61,,
Wed Feb 19 2014,Washington,71,Oregon,78,,
Wed Feb 19 2014,Arizona,67,Utah,63,OT,
Thu Feb 20 2014,Washington State,57,Oregon State,68,,
Thu Feb 20 2014,Southern California,59,Stanford,80,,
Date,Visitor/Neutral,PTS,Home/Neutral,PTS,OT,Notes
Sat Feb 22 2014,Arizona,88,Colorado,61,,
Sat Feb 22 2014,Washington,86,Oregon State,62,,
Sat Feb 22 2014,UCLA,74,Stanford,83,,
Sun Feb 23 2014,Southern California,64,California,77,,
Sun Feb 23 2014,Washington State,53,Oregon,67,,
Sun Feb 23 2014,Arizona State,63,Utah,86,,
Wed Feb 26 2014,California,59,Arizona,87,,
Wed Feb 26 2014,Stanford,64,Arizona State,76,,
Thu Feb 27 2014,Oregon State,76,Southern California,66,,
Thu Feb 27 2014,Oregon,87,UCLA,83,2OT,
Fri Feb 28 2014,Washington State,49,Washington,72,,
Sat Mar 1 2014,California,60,Arizona State,78,,
Sat Mar 1 2014,Oregon,78,Southern California,63,,
Sat Mar 1 2014,Colorado,64,Utah,75,,
Sun Mar 2 2014,Stanford,66,Arizona,79,,
Sun Mar 2 2014,Oregon State,69,UCLA,74,,
Tue Mar 4 2014,Arizona State,78,Oregon,85,,
Wed Mar 5 2014,Utah,63,California,59,,
Wed Mar 5 2014,Arizona,74,Oregon State,69,,
Wed Mar 5 2014,Colorado,59,Stanford,56,,
Date,Visitor/Neutral,PTS,Home/Neutral,PTS,OT,Notes
Thu Mar 6 2014,UCLA,91,Washington,82,,
Thu Mar 6 2014,Southern California,79,Washington State,68,,
Sat Mar 8 2014,Colorado,65,California,66,OT,
Sat Mar 8 2014,Arizona,57,Oregon,64,,
Sat Mar 8 2014,Arizona State,76,Oregon State,78,OT,
Sat Mar 8 2014,Utah,60,Stanford,61,,
Sat Mar 8 2014,Southern California,75,Washington,82,,
Sat Mar 8 2014,UCLA,55,Washington State,73,,
Wed Mar 12 2014,Southern California,56,Colorado,59,,Pac-12 First Round
Wed Mar 12 2014,Oregon State,74,Oregon,88,,Pac-12 First Round
Wed Mar 12 2014,Washington State,63,Stanford,74,,Pac-12 First Round
Wed Mar 12 2014,Washington,61,Utah,67,,Pac-12 First Round
Thu Mar 13 2014,Utah,39,Arizona,71,,Pac-12 Quarterfinal
Thu Mar 13 2014,Stanford,79,Arizona State,58,,Pac-12 Quarterfinal
Thu Mar 13 2014,Colorado,59,California,56,,Pac-12 Quarterfinal
Thu Mar 13 2014,UCLA,82,Oregon,63,,Pac-12 Quarterfinal
Fri Mar 14 2014,Colorado,43,Arizona,63,,Pac-12 Semifinal
Fri Mar 14 2014,UCLA,84,Stanford,59,,Pac-12 Semifinal
Sat Mar 15 2014,UCLA,75,Arizona,71,,Pac-12 Final
Date,Visitor/Neutral,PTS,Home/Neutral,PTS,OT,Notes
Thu Jan 2 2014,Texas-Pan American,85,Grand Canyon,91,,
Thu Jan 2 2014,Missouri-Kansas City,80,Idaho,74,,
Sat Jan 4 2014,Utah Valley,82,Cal State Bakersfield,74,,
Sat Jan 4 2014,New Mexico State,84,Grand Canyon,62,,
Sat Jan 4 2014,Chicago State,57,Idaho,55,,
Sat Jan 4 2014,Missouri-Kansas City,95,Seattle,84,,
Thu Jan 9 2014,Grand Canyon,66,Cal State Bakersfield,63,,
Thu Jan 9 2014,Seattle,87,New Mexico State,96,,
Thu Jan 9 2014,Idaho,86,Texas-Pan American,85,2OT,
Sat Jan 11 2014,Chicago State,68,Missouri-Kansas City,66,,
Sat Jan 11 2014,Idaho,54,New Mexico State,78,,
Sat Jan 11 2014,Seattle,64,Texas-Pan American,46,,
Sat Jan 11 2014,Grand Canyon,58,Utah Valley,65,,
Thu Jan 16 2014,New Mexico State,81,Chicago State,86,,
Thu Jan 16 2014,Utah Valley,71,Idaho,66,,
Thu Jan 16 2014,Texas-Pan American,78,Missouri-Kansas City,66,,
Thu Jan 16 2014,Cal State Bakersfield,61,Seattle,57,,
Sat Jan 18 2014,Texas-Pan American,84,Chicago State,61,,
Sat Jan 18 2014,Cal State Bakersfield,61,Idaho,64,,
Sat Jan 18 2014,New Mexico State,66,Missouri-Kansas City,68,,
Date,Visitor/Neutral,PTS,Home/Neutral,PTS,OT,Notes
Sun Jan 19 2014,Utah Valley,52,Seattle,51,,
Thu Jan 23 2014,Chicago State,71,Cal State Bakersfield,63,,
Thu Jan 23 2014,Idaho,73,Grand Canyon,86,,
Thu Jan 23 2014,Missouri-Kansas City,48,Utah Valley,66,,
Sat Jan 25 2014,Missouri-Kansas City,70,Cal State Bakersfield,69,,
Sat Jan 25 2014,Seattle,63,Grand Canyon,71,,
Sat Jan 25 2014,Texas-Pan American,78,New Mexico State,90,,
Sat Jan 25 2014,Chicago State,55,Utah Valley,62,,
Thu Jan 30 2014,Grand Canyon,76,Chicago State,75,,
Thu Jan 30 2014,Cal State Bakersfield,86,New Mexico State,88,,
Thu Jan 30 2014,Utah Valley,67,Texas-Pan American,53,,
Sat Feb 1 2014,Seattle,68,Idaho,67,,
Sat Feb 1 2014,Grand Canyon,72,Missouri-Kansas City,53,,
Sat Feb 1 2014,Utah Valley,49,New Mexico State,72,,
Sat Feb 1 2014,Cal State Bakersfield,72,Texas-Pan American,64,,
Thu Feb 6 2014,Utah Valley,79,Grand Canyon,68,,
Thu Feb 6 2014,New Mexico State,67,Idaho,73,,
Thu Feb 6 2014,Texas-Pan American,62,Seattle,83,,
Sat Feb 8 2014,Missouri-Kansas City,74,Chicago State,81,,
Sat Feb 8 2014,Cal State Bakersfield,70,Grand Canyon,79,,
Date,Visitor/Neutral,PTS,Home/Neutral,PTS,OT,Notes
Sat Feb 8 2014,Texas-Pan American,63,Idaho,70,OT,
Sat Feb 8 2014,New Mexico State,92,Seattle,77,,
Thu Feb 13 2014,Idaho,67,Cal State Bakersfield,76,,
Thu Feb 13 2014,Missouri-Kansas City,48,New Mexico State,71,,
Thu Feb 13 2014,Chicago State,68,Texas-Pan American,71,OT,
Thu Feb 13 2014,Seattle,71,Utah Valley,57,,
Sat Feb 15 2014,Seattle,65,Cal State Bakersfield,83,,
Sat Feb 15 2014,Chicago State,55,New Mexico State,84,,
Sat Feb 15 2014,Missouri-Kansas City,59,Texas-Pan American,68,,
Sat Feb 15 2014,Idaho,88,Utah Valley,89,,
Thu Feb 20 2014,Utah Valley,79,Chicago State,70,,
Thu Feb 20 2014,Cal State Bakersfield,74,Missouri-Kansas City,69,,
Thu Feb 20 2014,Grand Canyon,74,Seattle,73,,
Thu Feb 20 2014,New Mexico State,78,Texas-Pan American,61,,
Sat Feb 22 2014,Cal State Bakersfield,68,Chicago State,73,,
Sat Feb 22 2014,Grand Canyon,77,Idaho,83,,
Sat Feb 22 2014,Utah Valley,56,Missouri-Kansas City,74,,
Thu Feb 27 2014,Texas-Pan American,63,Cal State Bakersfield,61,,
Thu Feb 27 2014,Missouri-Kansas City,85,Grand Canyon,80,,
Thu Feb 27 2014,Chicago State,84,Seattle,77,3OT,
Date,Visitor/Neutral,PTS,Home/Neutral,PTS,OT,Notes
Thu Feb 27 2014,New Mexico State,61,Utah Valley,66,OT,
Sat Mar 1 2014,New Mexico State,72,Cal State Bakersfield,57,,
Sat Mar 1 2014,Chicago State,74,Grand Canyon,84,,
Sat Mar 1 2014,Idaho,68,Seattle,76,,
Sat Mar 1 2014,Texas-Pan American,42,Utah Valley,45,,
Thu Mar 6 2014,Idaho,79,Chicago State,76,,
Thu Mar 6 2014,Seattle,73,Missouri-Kansas City,82,,
Thu Mar 6 2014,Grand Canyon,57,New Mexico State,81,,
Fri Mar 7 2014,Cal State Bakersfield,55,Utah Valley,64,,
Sat Mar 8 2014,Seattle,53,Chicago State,67,,
Sat Mar 8 2014,Idaho,87,Missouri-Kansas City,80,,
Sat Mar 8 2014,Grand Canyon,79,Texas-Pan American,78,OT,
Thu Mar 13 2014,Chicago State,62,Cal State Bakersfield,68,,WAC Quarterfinal
Thu Mar 13 2014,Missouri-Kansas City,70,Idaho,73,,WAC Quarterfinal
Thu Mar 13 2014,Seattle,68,New Mexico State,70,,WAC Quarterfinal
Thu Mar 13 2014,Utah Valley,83,Texas-Pan American,63,,WAC Quarterfinal
Fri Mar 14 2014,New Mexico State,69,Cal State Bakersfield,63,,WAC Semifinal
Fri Mar 14 2014,Utah Valley,69,Idaho,74,,WAC Semifinal
Sat Mar 15 2014,New Mexico State,77,Idaho,55,,WAC Final
Date,Visitor/Neutral,PTS,Home/Neutral,PTS,OT,Notes
Wed Jan 1 2014,Utah State,72,Air Force,73,,
Wed Jan 1 2014,San Diego State,71,Colorado State,61,,
Wed Jan 1 2014,Nevada-Las Vegas,75,Fresno State,62,,
Wed Jan 1 2014,Nevada,62,San Jose State,50,,
Sat Jan 4 2014,Fresno State,79,Boise State,86,,
Sat Jan 4 2014,Wyoming,58,Nevada,61,,
Sat Jan 4 2014,Air Force,75,Nevada-Las Vegas,68,,
Sat Jan 4 2014,Colorado State,73,New Mexico,80,,
Sat Jan 4 2014,San Jose State,67,Utah State,86,,
Wed Jan 8 2014,Air Force,65,Fresno State,71,,
Wed Jan 8 2014,Nevada,74,Nevada-Las Vegas,71,,
Wed Jan 8 2014,Boise State,66,San Diego State,69,,
Wed Jan 8 2014,Colorado State,66,San Jose State,64,,
Wed Jan 8 2014,New Mexico,72,Wyoming,69,OT,
Sat Jan 11 2014,Wyoming,52,Boise State,50,,
Sat Jan 11 2014,Fresno State,57,Colorado State,76,,
Sat Jan 11 2014,Utah State,54,Nevada,62,,
Sat Jan 11 2014,New Mexico,69,San Jose State,65,,
Sun Jan 12 2014,San Diego State,79,Air Force,72,,
Tue Jan 14 2014,Boise State,74,Nevada,65,,
Date,Visitor/Neutral,PTS,Home/Neutral,PTS,OT,Notes
Wed Jan 15 2014,San Jose State,62,Air Force,77,,
Wed Jan 15 2014,Nevada-Las Vegas,76,New Mexico,73,,
Wed Jan 15 2014,Fresno State,60,San Diego State,68,,
Wed Jan 15 2014,Colorado State,50,Utah State,57,,
Sat Jan 18 2014,Utah State,74,Boise State,78,,
Sat Jan 18 2014,Air Force,68,Colorado State,74,,
Sat Jan 18 2014,New Mexico,89,Fresno State,78,,
Sat Jan 18 2014,Nevada-Las Vegas,52,San Diego State,63,,
Sat Jan 18 2014,San Jose State,56,Wyoming,67,,
Tue Jan 21 2014,Boise State,75,New Mexico,84,,
Wed Jan 22 2014,Wyoming,66,Air Force,59,,
Wed Jan 22 2014,Nevada,96,Fresno State,86,2OT,
Wed Jan 22 2014,Utah State,42,Nevada-Las Vegas,62,,
Wed Jan 22 2014,San Diego State,75,San Jose State,50,,
Sat Jan 25 2014,San Jose State,55,Boise State,76,,
Sat Jan 25 2014,New Mexico,68,Colorado State,66,,
Sat Jan 25 2014,Fresno State,73,Nevada-Las Vegas,75,OT,
Sat Jan 25 2014,San Diego State,74,Utah State,69,OT,
Sat Jan 25 2014,Nevada,62,Wyoming,64,OT,
Tue Jan 28 2014,New Mexico,78,Utah State,65,,
Date,Visitor/Neutral,PTS,Home/Neutral,PTS,OT,Notes
Wed Jan 29 2014,Air Force,58,Boise State,69,,
Wed Jan 29 2014,Wyoming,62,Fresno State,67,,
Wed Jan 29 2014,Colorado State,67,Nevada,76,,
Wed Jan 29 2014,Nevada-Las Vegas,70,San Jose State,46,,
Sat Feb 1 2014,Air Force,56,Nevada,69,OT,
Sat Feb 1 2014,Boise State,69,Nevada-Las Vegas,73,,
Sat Feb 1 2014,San Jose State,47,New Mexico,72,,
Sat Feb 1 2014,Colorado State,56,San Diego State,65,,
Sat Feb 1 2014,Utah State,57,Wyoming,74,,
Wed Feb 5 2014,Fresno State,68,Air Force,51,,
Wed Feb 5 2014,San Diego State,67,Boise State,65,,
Wed Feb 5 2014,Nevada-Las Vegas,57,Colorado State,75,,
Wed Feb 5 2014,Wyoming,61,New Mexico,66,OT,
Wed Feb 5 2014,Nevada,75,Utah State,83,,
Sat Feb 8 2014,Colorado State,68,Air Force,56,,
Sat Feb 8 2014,San Jose State,56,Fresno State,82,,
Sat Feb 8 2014,Wyoming,46,Nevada-Las Vegas,48,,
Sat Feb 8 2014,Nevada,58,San Diego State,73,,
Sat Feb 8 2014,Boise State,70,Utah State,76,,
Tue Feb 11 2014,Utah State,71,Colorado State,62,,
Date,Visitor/Neutral,PTS,Home/Neutral,PTS,OT,Notes
Tue Feb 11 2014,San Diego State,62,Wyoming,68,,
Wed Feb 12 2014,New Mexico,70,Boise State,71,,
Wed Feb 12 2014,Fresno State,75,Nevada,67,,
Wed Feb 12 2014,Air Force,51,San Jose State,48,,
Sat Feb 15 2014,Colorado State,66,Fresno State,75,,
Sat Feb 15 2014,Nevada,72,New Mexico,90,,
Sat Feb 15 2014,Air Force,56,San Diego State,64,,
Sat Feb 15 2014,Wyoming,46,San Jose State,38,,
Sat Feb 15 2014,Nevada-Las Vegas,73,Utah State,62,,
Tue Feb 18 2014,Boise State,84,Colorado State,72,,
Tue Feb 18 2014,San Jose State,66,Nevada,64,,
Tue Feb 18 2014,Utah State,45,San Diego State,60,,
Tue Feb 18 2014,Fresno State,66,Wyoming,72,,
Wed Feb 19 2014,New Mexico,68,Nevada-Las Vegas,56,,
Sat Feb 22 2014,Nevada,75,Air Force,56,,
Sat Feb 22 2014,Nevada-Las Vegas,90,Boise State,91,OT,
Sat Feb 22 2014,Wyoming,67,Colorado State,82,,
Sat Feb 22 2014,San Diego State,44,New Mexico,58,,
Sat Feb 22 2014,Fresno State,79,Utah State,76,,
Tue Feb 25 2014,Utah State,58,New Mexico,67,,
Date,Visitor/Neutral,PTS,Home/Neutral,PTS,OT,Notes
Tue Feb 25 2014,San Jose State,64,San Diego State,90,,
Tue Feb 25 2014,Air Force,55,Wyoming,53,,
Wed Feb 26 2014,Boise State,56,Fresno State,76,,
Wed Feb 26 2014,Colorado State,70,Nevada-Las Vegas,78,,
Sat Mar 1 2014,Nevada-Las Vegas,93,Air Force,67,,
Sat Mar 1 2014,San Diego State,82,Fresno State,67,,
Sat Mar 1 2014,Utah State,75,San Jose State,58,,
Sat Mar 1 2014,Boise State,72,Wyoming,63,,
Sun Mar 2 2014,New Mexico,72,Nevada,58,,
Wed Mar 5 2014,Nevada,83,Boise State,81,2OT,
Wed Mar 5 2014,San Jose State,66,Colorado State,78,,
Wed Mar 5 2014,San Diego State,73,Nevada-Las Vegas,64,,
Wed Mar 5 2014,Air Force,52,New Mexico,80,,
Wed Mar 5 2014,Wyoming,54,Utah State,65,,
Sat Mar 8 2014,Boise State,61,Air Force,64,OT,
Sat Mar 8 2014,Nevada-Las Vegas,72,Nevada,76,,
Sat Mar 8 2014,New Mexico,48,San Diego State,51,,
Sat Mar 8 2014,Fresno State,69,San Jose State,56,,
Sat Mar 8 2014,Colorado State,75,Wyoming,83,,
Wed Mar 12 2014,Fresno State,61,Air Force,59,,MWC First Round
Date,Visitor/Neutral,PTS,Home/Neutral,PTS,OT,Notes
Wed Mar 12 2014,San Jose State,52,Boise State,83,,MWC First Round
Wed Mar 12 2014,Utah State,73,Colorado State,69,,MWC First Round
Thu Mar 13 2014,Nevada,62,Boise State,75,,MWC Quarterfinal
Thu Mar 13 2014,New Mexico,93,Fresno State,77,,MWC Quarterfinal
Thu Mar 13 2014,Wyoming,67,Nevada-Las Vegas,71,,MWC Quarterfinal
Thu Mar 13 2014,Utah State,39,San Diego State,73,,MWC Quarterfinal
Fri Mar 14 2014,New Mexico,70,Boise State,67,,MWC Semifinal
Fri Mar 14 2014,San Diego State,59,Nevada-Las Vegas,51,,MWC Semifinal
Sat Mar 15 2014,San Diego State,58,New Mexico,64,,MWC Final
Date,Visitor/Neutral,PTS,Home/Neutral,PTS,OT,Notes
Tue Dec 31 2013,Indiana,80,Illinois,83,OT,
Tue Dec 31 2013,Nebraska,57,Iowa,67,,
Tue Dec 31 2013,Michigan State,79,Penn State,63,,
Tue Dec 31 2013,Ohio State,78,Purdue,69,,
Thu Jan 2 2014,Michigan,63,Minnesota,60,,
Thu Jan 2 2014,Wisconsin,76,Northwestern,49,,
Sat Jan 4 2014,Penn State,55,Illinois,75,,
Sat Jan 4 2014,Michigan State,73,Indiana,56,,
Sat Jan 4 2014,Nebraska,53,Ohio State,84,,
Sun Jan 5 2014,Northwestern,51,Michigan,74,,
Sun Jan 5 2014,Purdue,79,Minnesota,82,,
Sun Jan 5 2014,Iowa,71,Wisconsin,75,,
Tue Jan 7 2014,Ohio State,68,Michigan State,72,OT,
Wed Jan 8 2014,Minnesota,68,Penn State,65,,
Wed Jan 8 2014,Illinois,70,Wisconsin,95,,
Thu Jan 9 2014,Northwestern,67,Iowa,93,,
Thu Jan 9 2014,Michigan,71,Nebraska,70,,
Sat Jan 11 2014,Minnesota,75,Michigan State,87,OT,
Sat Jan 11 2014,Indiana,79,Penn State,76,,
Sun Jan 12 2014,Illinois,43,Northwestern,49,,
Date,Visitor/Neutral,PTS,Home/Neutral,PTS,OT,Notes
Sun Jan 12 2014,Iowa,84,Ohio State,74,,
Sun Jan 12 2014,Nebraska,64,Purdue,70,,
Tue Jan 14 2014,Wisconsin,72,Indiana,75,,
Tue Jan 14 2014,Penn State,67,Michigan,80,,
Wed Jan 15 2014,Purdue,66,Illinois,58,,
Wed Jan 15 2014,Michigan State,54,Northwestern,40,,
Thu Jan 16 2014,Ohio State,53,Minnesota,63,,
Sat Jan 18 2014,Michigan State,78,Illinois,62,,
Sat Jan 18 2014,Northwestern,54,Indiana,47,,
Sat Jan 18 2014,Penn State,64,Purdue,65,,
Sat Jan 18 2014,Michigan,77,Wisconsin,70,,
Sun Jan 19 2014,Minnesota,73,Iowa,94,,
Mon Jan 20 2014,Ohio State,62,Nebraska,68,,
Tue Jan 21 2014,Indiana,66,Michigan State,71,,
Tue Jan 21 2014,Purdue,60,Northwestern,63,2OT,
Wed Jan 22 2014,Iowa,67,Michigan,75,,
Wed Jan 22 2014,Wisconsin,68,Minnesota,81,,
Thu Jan 23 2014,Illinois,55,Ohio State,62,,
Thu Jan 23 2014,Nebraska,54,Penn State,58,,
Sat Jan 25 2014,Michigan,80,Michigan State,75,,
Date,Visitor/Neutral,PTS,Home/Neutral,PTS,OT,Notes
Sat Jan 25 2014,Iowa,76,Northwestern,50,,
Sat Jan 25 2014,Wisconsin,72,Purdue,58,,
Sun Jan 26 2014,Illinois,46,Indiana,56,,
Sun Jan 26 2014,Minnesota,78,Nebraska,82,,
Tue Jan 28 2014,Michigan State,71,Iowa,69,OT,
Wed Jan 29 2014,Penn State,71,Ohio State,70,OT,
Wed Jan 29 2014,Northwestern,65,Wisconsin,56,,
Thu Jan 30 2014,Purdue,66,Michigan,75,,
Thu Jan 30 2014,Indiana,55,Nebraska,60,,
Sat Feb 1 2014,Iowa,81,Illinois,74,,
Sat Feb 1 2014,Northwestern,55,Minnesota,54,,
Sat Feb 1 2014,Ohio State,59,Wisconsin,58,,
Sun Feb 2 2014,Michigan,52,Indiana,63,,
Sun Feb 2 2014,Purdue,68,Penn State,79,,
Tue Feb 4 2014,Wisconsin,75,Illinois,63,,
Tue Feb 4 2014,Ohio State,76,Iowa,69,,
Wed Feb 5 2014,Nebraska,50,Michigan,79,,
Wed Feb 5 2014,Minnesota,74,Purdue,77,3OT,
Thu Feb 6 2014,Penn State,67,Michigan State,82,,
Sat Feb 8 2014,Michigan,67,Iowa,85,,
Date,Visitor/Neutral,PTS,Home/Neutral,PTS,OT,Notes
Sat Feb 8 2014,Indiana,60,Minnesota,66,,
Sat Feb 8 2014,Nebraska,53,Northwestern,49,,
Sat Feb 8 2014,Purdue,49,Ohio State,67,,
Sun Feb 9 2014,Illinois,60,Penn State,55,,
Sun Feb 9 2014,Michigan State,58,Wisconsin,60,,
Tue Feb 11 2014,Michigan,70,Ohio State,60,,
Wed Feb 12 2014,Penn State,66,Indiana,65,,
Wed Feb 12 2014,Illinois,58,Nebraska,67,,
Thu Feb 13 2014,Northwestern,70,Michigan State,85,,
Thu Feb 13 2014,Minnesota,70,Wisconsin,78,,
Sat Feb 15 2014,Ohio State,48,Illinois,39,,
Sat Feb 15 2014,Iowa,82,Penn State,70,,
Sat Feb 15 2014,Indiana,64,Purdue,82,,
Sun Feb 16 2014,Wisconsin,75,Michigan,62,,
Sun Feb 16 2014,Nebraska,60,Michigan State,51,,
Sun Feb 16 2014,Minnesota,54,Northwestern,48,,
Wed Feb 19 2014,Illinois,62,Minnesota,49,,
Wed Feb 19 2014,Northwestern,60,Ohio State,76,,
Thu Feb 20 2014,Penn State,67,Nebraska,80,,
Thu Feb 20 2014,Michigan State,94,Purdue,79,,
Date,Visitor/Neutral,PTS,Home/Neutral,PTS,OT,Notes
Sat Feb 22 2014,Wisconsin,79,Iowa,74,,
Sat Feb 22 2014,Indiana,61,Northwestern,56,,
Sat Feb 22 2014,Minnesota,46,Ohio State,64,,
Sun Feb 23 2014,Michigan State,70,Michigan,79,,
Sun Feb 23 2014,Purdue,57,Nebraska,76,,
Tue Feb 25 2014,Iowa,89,Minnesota,95,,
Tue Feb 25 2014,Indiana,58,Wisconsin,69,,
Wed Feb 26 2014,Nebraska,49,Illinois,60,,
Wed Feb 26 2014,Michigan,77,Purdue,76,OT,
Thu Feb 27 2014,Iowa,86,Indiana,93,,
Thu Feb 27 2014,Ohio State,63,Penn State,65,,
Sat Mar 1 2014,Minnesota,56,Michigan,66,,
Sat Mar 1 2014,Illinois,53,Michigan State,46,,
Sat Mar 1 2014,Northwestern,47,Nebraska,54,,
Sun Mar 2 2014,Ohio State,64,Indiana,72,,
Sun Mar 2 2014,Purdue,76,Iowa,83,,
Sun Mar 2 2014,Wisconsin,71,Penn State,66,,
Tue Mar 4 2014,Michigan,84,Illinois,53,,
Wed Mar 5 2014,Nebraska,70,Indiana,60,,
Wed Mar 5 2014,Purdue,70,Wisconsin,76,,
Date,Visitor/Neutral,PTS,Home/Neutral,PTS,OT,Notes
Thu Mar 6 2014,Iowa,76,Michigan State,86,,
Thu Mar 6 2014,Penn State,59,Northwestern,32,,
Sat Mar 8 2014,Illinois,66,Iowa,63,,
Sat Mar 8 2014,Indiana,80,Michigan,84,,
Sun Mar 9 2014,Penn State,63,Minnesota,81,,
Sun Mar 9 2014,Wisconsin,68,Nebraska,77,,
Sun Mar 9 2014,Michigan State,67,Ohio State,69,,
Sun Mar 9 2014,Northwestern,74,Purdue,65,,
Thu Mar 13 2014,Indiana,54,Illinois,64,,Big Ten First Round
Thu Mar 13 2014,Northwestern,67,Iowa,62,,Big Ten First Round
Thu Mar 13 2014,Penn State,56,Minnesota,63,,Big Ten First Round
Thu Mar 13 2014,Purdue,61,Ohio State,63,,Big Ten First Round
Fri Mar 14 2014,Michigan,64,Illinois,63,,Big Ten Quarterfinal
Fri Mar 14 2014,Northwestern,51,Michigan State,67,,Big Ten Quarterfinal
Fri Mar 14 2014,Wisconsin,83,Minnesota,57,,Big Ten Quarterfinal
Fri Mar 14 2014,Ohio State,71,Nebraska,67,,Big Ten Quarterfinal
Sat Mar 15 2014,Ohio State,69,Michigan,72,,Big Ten Semifinal
Sat Mar 15 2014,Wisconsin,75,Michigan State,83,,Big Ten Semifinal
Sun Mar 16 2014,Michigan State,69,Michigan,55,,Big Ten Final
Date,Visitor/Neutral,PTS,Home/Neutral,PTS,OT,Notes
Tue Dec 31 2013,Villanova,76,Butler,73,OT,
Tue Dec 31 2013,Marquette,49,Creighton,67,,
Tue Dec 31 2013,DePaul,54,Georgetown,61,,
Tue Dec 31 2013,Seton Hall,81,Providence,80,2OT,
Tue Dec 31 2013,St. John's (NY),60,Xavier,70,,
Sat Jan 4 2014,St. John's (NY),60,Georgetown,77,,
Sat Jan 4 2014,DePaul,56,Marquette,66,,
Sat Jan 4 2014,Creighton,79,Seton Hall,66,,
Sat Jan 4 2014,Butler,68,Xavier,79,,
Sun Jan 5 2014,Providence,61,Villanova,91,,
Tue Jan 7 2014,Creighton,81,DePaul,62,,
Wed Jan 8 2014,Georgetown,52,Providence,70,,
Wed Jan 8 2014,Villanova,83,Seton Hall,67,,
Thu Jan 9 2014,DePaul,99,Butler,94,2OT,
Thu Jan 9 2014,Marquette,79,Xavier,86,,
Sat Jan 11 2014,Georgetown,70,Butler,67,OT,
Sat Jan 11 2014,Seton Hall,66,Marquette,67,,
Sat Jan 11 2014,Villanova,74,St. John's (NY),67,,
Sun Jan 12 2014,Xavier,89,Creighton,95,,
Tue Jan 14 2014,Butler,60,Creighton,88,,
Date,Visitor/Neutral,PTS,Home/Neutral,PTS,OT,Notes
Tue Jan 14 2014,St. John's (NY),75,DePaul,77,,
Wed Jan 15 2014,Georgetown,67,Xavier,80,,
Thu Jan 16 2014,Providence,84,St. John's (NY),83,2OT,
Sat Jan 18 2014,Marquette,57,Butler,69,OT,
Sat Jan 18 2014,Seton Hall,67,Georgetown,57,,
Sat Jan 18 2014,Creighton,68,Providence,81,,
Sat Jan 18 2014,DePaul,62,Villanova,88,,
Mon Jan 20 2014,Xavier,84,DePaul,74,,
Mon Jan 20 2014,Marquette,80,Georgetown,72,OT,
Mon Jan 20 2014,Creighton,96,Villanova,68,,
Tue Jan 21 2014,Butler,56,Providence,65,,
Thu Jan 23 2014,Seton Hall,76,St. John's (NY),77,,
Sat Jan 25 2014,St. John's (NY),69,Butler,52,,
Sat Jan 25 2014,Georgetown,63,Creighton,76,,
Sat Jan 25 2014,Villanova,94,Marquette,85,OT,
Sat Jan 25 2014,Xavier,72,Providence,81,,
Sat Jan 25 2014,DePaul,69,Seton Hall,86,,
Mon Jan 27 2014,Villanova,65,Georgetown,60,,
Tue Jan 28 2014,St. John's (NY),60,Creighton,63,,
Wed Jan 29 2014,Butler,64,Seton Hall,57,,
Date,Visitor/Neutral,PTS,Home/Neutral,PTS,OT,Notes
Thu Jan 30 2014,Providence,50,Marquette,61,,
Sat Feb 1 2014,Providence,77,DePaul,72,,
Sat Feb 1 2014,Marquette,59,St. John's (NY),74,,
Sat Feb 1 2014,Seton Hall,68,Xavier,60,,
Mon Feb 3 2014,Georgetown,71,DePaul,59,,
Mon Feb 3 2014,Xavier,58,Villanova,81,,
Tue Feb 4 2014,Butler,62,Marquette,69,,
Tue Feb 4 2014,St. John's (NY),86,Providence,76,,
Fri Feb 7 2014,DePaul,66,Creighton,78,,
Fri Feb 7 2014,Seton Hall,53,Villanova,70,,
Sat Feb 8 2014,Butler,63,Georgetown,71,,
Sat Feb 8 2014,Providence,53,Xavier,59,,
Sun Feb 9 2014,Creighton,65,St. John's (NY),70,,
Mon Feb 10 2014,Providence,71,Georgetown,83,,
Tue Feb 11 2014,Xavier,64,Butler,50,,
Tue Feb 11 2014,Marquette,77,Seton Hall,66,,
Wed Feb 12 2014,Villanova,87,DePaul,62,,
Thu Feb 13 2014,Creighton,68,Butler,63,,
Thu Feb 13 2014,St. John's (NY),68,Seton Hall,67,,
Sat Feb 15 2014,Xavier,72,Marquette,81,,
Date,Visitor/Neutral,PTS,Home/Neutral,PTS,OT,Notes
Sat Feb 15 2014,DePaul,61,Providence,84,,
Sun Feb 16 2014,Villanova,80,Creighton,101,,
Sun Feb 16 2014,Georgetown,60,St. John's (NY),82,,
Tue Feb 18 2014,Villanova,82,Providence,79,2OT,
Tue Feb 18 2014,Butler,52,St. John's (NY),77,,
Wed Feb 19 2014,Creighton,85,Marquette,70,,
Wed Feb 19 2014,DePaul,64,Xavier,83,,
Thu Feb 20 2014,Georgetown,67,Seton Hall,82,,
Sat Feb 22 2014,Marquette,96,DePaul,94,OT,
Sat Feb 22 2014,Xavier,52,Georgetown,74,,
Sat Feb 22 2014,St. John's (NY),54,Villanova,57,,
Sun Feb 23 2014,Providence,87,Butler,81,,
Sun Feb 23 2014,Seton Hall,71,Creighton,72,,
Tue Feb 25 2014,Seton Hall,60,DePaul,65,,
Tue Feb 25 2014,Xavier,65,St. John's (NY),53,,
Wed Feb 26 2014,Butler,48,Villanova,67,,
Thu Feb 27 2014,Georgetown,73,Marquette,75,,
Fri Feb 28 2014,Providence,74,Seton Hall,69,,
Sat Mar 1 2014,Creighton,69,Xavier,75,,
Sun Mar 2 2014,DePaul,64,St. John's (NY),72,,
Date,Visitor/Neutral,PTS,Home/Neutral,PTS,OT,Notes
Sun Mar 2 2014,Marquette,56,Villanova,73,,
Mon Mar 3 2014,Xavier,62,Seton Hall,71,,
Tue Mar 4 2014,Creighton,63,Georgetown,75,,
Tue Mar 4 2014,Marquette,80,Providence,81,2OT,
Thu Mar 6 2014,Butler,79,DePaul,46,,
Thu Mar 6 2014,Villanova,77,Xavier,70,,
Sat Mar 8 2014,Seton Hall,54,Butler,71,,
Sat Mar 8 2014,Providence,73,Creighton,88,,
Sat Mar 8 2014,St. John's (NY),91,Marquette,90,2OT,
Sat Mar 8 2014,Georgetown,59,Villanova,77,,
Wed Mar 12 2014,Seton Hall,51,Butler,50,,Big East First Round
Wed Mar 12 2014,Georgetown,56,DePaul,60,,Big East First Round
Thu Mar 13 2014,DePaul,62,Creighton,84,,Big East Quarterfinal
Thu Mar 13 2014,Xavier,68,Marquette,65,,Big East Quarterfinal
Thu Mar 13 2014,St. John's (NY),74,Providence,79,,Big East Quarterfinal
Thu Mar 13 2014,Villanova,63,Seton Hall,64,,Big East Quarterfinal
Fri Mar 14 2014,Xavier,78,Creighton,86,,Big East Semifinal
Fri Mar 14 2014,Seton Hall,74,Providence,80,,Big East Semifinal
Sat Mar 15 2014,Providence,65,Creighton,58,,Big East Final
Date,Visitor/Neutral,PTS,Home/Neutral,PTS,OT,Notes
Mon Dec 31 2012,Cincinnati,70,Pittsburgh,61,,
Tue Jan 1 2013,Connecticut,76,Marquette,82,OT,
Wed Jan 2 2013,Seton Hall,73,DePaul,72,,
Wed Jan 2 2013,Providence,62,Louisville,80,,
Wed Jan 2 2013,Rutgers,53,Syracuse,78,,
Wed Jan 2 2013,St. John's (NY),86,Villanova,98,OT,
Sat Jan 5 2013,St. John's (NY),53,Cincinnati,52,,
Sat Jan 5 2013,Georgetown,48,Marquette,49,,
Sat Jan 5 2013,Seton Hall,74,Notre Dame,93,,
Sat Jan 5 2013,DePaul,83,Providence,73,,
Sat Jan 5 2013,Pittsburgh,62,Rutgers,67,,
Sun Jan 6 2013,Syracuse,55,South Florida,44,,
Mon Jan 7 2013,Notre Dame,66,Cincinnati,60,,
Tue Jan 8 2013,DePaul,78,Connecticut,99,,
Tue Jan 8 2013,Pittsburgh,73,Georgetown,45,,
Wed Jan 9 2013,Syracuse,72,Providence,66,,
Wed Jan 9 2013,Louisville,73,Seton Hall,58,,
Wed Jan 9 2013,Villanova,61,South Florida,53,,
Wed Jan 9 2013,Rutgers,58,St. John's (NY),56,,
Sat Jan 12 2013,South Florida,38,Louisville,64,,
Date,Visitor/Neutral,PTS,Home/Neutral,PTS,OT,Notes
Sat Jan 12 2013,Connecticut,65,Notre Dame,58,,
Sat Jan 12 2013,Marquette,74,Pittsburgh,67,OT,
Sat Jan 12 2013,Cincinnati,68,Rutgers,58,,
Sat Jan 12 2013,Georgetown,67,St. John's (NY),51,,
Sat Jan 12 2013,Villanova,61,Syracuse,72,,
Sun Jan 13 2013,Providence,67,Seton Hall,55,,
Mon Jan 14 2013,Louisville,73,Connecticut,58,,
Tue Jan 15 2013,Cincinnati,75,DePaul,70,,
Tue Jan 15 2013,Notre Dame,63,St. John's (NY),67,,
Wed Jan 16 2013,Providence,65,Georgetown,74,,
Wed Jan 16 2013,Seton Hall,62,Marquette,69,,
Wed Jan 16 2013,Pittsburgh,58,Villanova,43,,
Thu Jan 17 2013,South Florida,67,Rutgers,70,,
Sat Jan 19 2013,Marquette,69,Cincinnati,71,OT,
Sat Jan 19 2013,St. John's (NY),71,DePaul,62,,
Sat Jan 19 2013,Syracuse,70,Louisville,68,,
Sat Jan 19 2013,Rutgers,66,Notre Dame,69,,
Sat Jan 19 2013,Connecticut,61,Pittsburgh,69,,
Sat Jan 19 2013,Villanova,66,Providence,69,,
Sat Jan 19 2013,Georgetown,58,South Florida,61,,
Date,Visitor/Neutral,PTS,Home/Neutral,PTS,OT,Notes
Mon Jan 21 2013,Georgetown,63,Notre Dame,47,,
Mon Jan 21 2013,Cincinnati,55,Syracuse,57,,
Tue Jan 22 2013,Pittsburgh,68,Providence,64,,
Tue Jan 22 2013,Louisville,64,Villanova,73,,
Wed Jan 23 2013,St. John's (NY),72,Rutgers,60,,
Wed Jan 23 2013,South Florida,47,Seton Hall,55,,
Sat Jan 26 2013,Louisville,51,Georgetown,53,,
Sat Jan 26 2013,Providence,71,Marquette,81,,
Sat Jan 26 2013,DePaul,55,Pittsburgh,93,,
Sat Jan 26 2013,Notre Dame,73,South Florida,65,,
Sat Jan 26 2013,Syracuse,71,Villanova,75,OT,
Sun Jan 27 2013,Rutgers,54,Connecticut,66,,
Sun Jan 27 2013,Seton Hall,67,St. John's (NY),71,,
Mon Jan 28 2013,Pittsburgh,61,Louisville,64,,
Mon Jan 28 2013,South Florida,50,Marquette,63,,
Wed Jan 30 2013,Rutgers,54,Cincinnati,62,,
Wed Jan 30 2013,Seton Hall,52,Georgetown,74,,
Wed Jan 30 2013,Villanova,60,Notre Dame,65,,
Wed Jan 30 2013,DePaul,74,St. John's (NY),79,OT,
Thu Jan 31 2013,Connecticut,82,Providence,79,OT,
Date,Visitor/Neutral,PTS,Home/Neutral,PTS,OT,Notes
Sat Feb 2 2013,Notre Dame,79,DePaul,71,OT,
Sat Feb 2 2013,St. John's (NY),56,Georgetown,68,,
Sat Feb 2 2013,Syracuse,55,Pittsburgh,65,,
Sat Feb 2 2013,Cincinnati,65,Seton Hall,59,,
Sun Feb 3 2013,South Florida,64,Connecticut,69,OT,
Sun Feb 3 2013,Marquette,51,Louisville,70,,
Sun Feb 3 2013,Providence,55,Villanova,52,,
Mon Feb 4 2013,Seton Hall,46,Pittsburgh,56,,
Mon Feb 4 2013,Notre Dame,47,Syracuse,63,,
Tue Feb 5 2013,Villanova,94,DePaul,71,,
Wed Feb 6 2013,Cincinnati,50,Providence,54,,
Wed Feb 6 2013,Louisville,68,Rutgers,48,,
Wed Feb 6 2013,Marquette,70,South Florida,47,,
Wed Feb 6 2013,Connecticut,65,St. John's (NY),71,,
Sat Feb 9 2013,Pittsburgh,62,Cincinnati,52,,
Sat Feb 9 2013,DePaul,78,Marquette,89,,
Sat Feb 9 2013,Louisville,101,Notre Dame,104,5OT,
Sat Feb 9 2013,Georgetown,69,Rutgers,63,,
Sat Feb 9 2013,South Florida,40,Villanova,68,,
Sun Feb 10 2013,Connecticut,78,Seton Hall,67,,
Date,Visitor/Neutral,PTS,Home/Neutral,PTS,OT,Notes
Sun Feb 10 2013,St. John's (NY),58,Syracuse,77,,
Mon Feb 11 2013,Marquette,55,Georgetown,63,,
Tue Feb 12 2013,Villanova,50,Cincinnati,68,,
Tue Feb 12 2013,Seton Hall,55,Rutgers,57,,
Wed Feb 13 2013,Syracuse,58,Connecticut,66,,
Wed Feb 13 2013,DePaul,78,Notre Dame,82,OT,
Wed Feb 13 2013,Providence,76,South Florida,66,,
Thu Feb 14 2013,St. John's (NY),58,Louisville,72,,
Fri Feb 15 2013,Georgetown,62,Cincinnati,55,,
Sat Feb 16 2013,Villanova,70,Connecticut,61,,
Sat Feb 16 2013,Rutgers,69,DePaul,75,,
Sat Feb 16 2013,Pittsburgh,69,Marquette,79,,
Sat Feb 16 2013,Notre Dame,54,Providence,71,,
Sat Feb 16 2013,Syracuse,76,Seton Hall,65,,
Sun Feb 17 2013,Louisville,59,South Florida,41,,
Mon Feb 18 2013,Notre Dame,51,Pittsburgh,42,,
Mon Feb 18 2013,Rutgers,63,Villanova,71,,
Tue Feb 19 2013,Marquette,67,Seton Hall,46,,
Wed Feb 20 2013,DePaul,66,Georgetown,90,,
Wed Feb 20 2013,South Florida,54,St. John's (NY),69,,
Date,Visitor/Neutral,PTS,Home/Neutral,PTS,OT,Notes
Wed Feb 20 2013,Providence,59,Syracuse,84,,
Thu Feb 21 2013,Cincinnati,66,Connecticut,73,OT,
Sat Feb 23 2013,Connecticut,81,DePaul,69,,
Sat Feb 23 2013,Seton Hall,61,Louisville,79,,
Sat Feb 23 2013,Providence,76,Rutgers,72,,
Sat Feb 23 2013,Georgetown,57,Syracuse,46,,
Sat Feb 23 2013,Marquette,56,Villanova,60,,
Sun Feb 24 2013,Cincinnati,41,Notre Dame,62,,
Sun Feb 24 2013,Pittsburgh,63,St. John's (NY),47,,
Mon Feb 25 2013,Syracuse,71,Marquette,74,,
Mon Feb 25 2013,Villanova,65,Seton Hall,66,,
Wed Feb 27 2013,Georgetown,79,Connecticut,78,2OT,
Wed Feb 27 2013,Louisville,79,DePaul,58,,
Wed Feb 27 2013,South Florida,44,Pittsburgh,64,,
Sat Mar 2 2013,Connecticut,56,Cincinnati,61,,
Sat Mar 2 2013,Rutgers,51,Georgetown,64,,
Sat Mar 2 2013,Notre Dame,64,Marquette,72,,
Sat Mar 2 2013,St. John's (NY),59,Providence,62,,
Sat Mar 2 2013,Louisville,58,Syracuse,53,,
Sun Mar 3 2013,Villanova,64,Pittsburgh,73,OT,
Date,Visitor/Neutral,PTS,Home/Neutral,PTS,OT,Notes
Sun Mar 3 2013,DePaul,73,South Florida,83,,
Mon Mar 4 2013,Cincinnati,51,Louisville,67,,
Tue Mar 5 2013,St. John's (NY),40,Notre Dame,66,,
Tue Mar 5 2013,Seton Hall,66,Providence,76,,
Tue Mar 5 2013,Marquette,60,Rutgers,54,,
Wed Mar 6 2013,Connecticut,51,South Florida,65,,
Wed Mar 6 2013,DePaul,57,Syracuse,78,,
Wed Mar 6 2013,Georgetown,57,Villanova,67,,
Fri Mar 8 2013,Rutgers,56,Seton Hall,51,,
Sat Mar 9 2013,South Florida,53,Cincinnati,61,OT,
Sat Mar 9 2013,Providence,59,Connecticut,63,OT,
Sat Mar 9 2013,Pittsburgh,81,DePaul,66,,
Sat Mar 9 2013,Syracuse,39,Georgetown,61,,
Sat Mar 9 2013,Notre Dame,57,Louisville,73,,
Sat Mar 9 2013,Marquette,69,St. John's (NY),67,OT,
Tue Mar 12 2013,Rutgers,76,DePaul,57,,Big East First Round
Tue Mar 12 2013,South Florida,42,Seton Hall,46,OT,Big East First Round
Wed Mar 13 2013,Providence,44,Cincinnati,61,,Big East Second Round
Wed Mar 13 2013,Rutgers,61,Notre Dame,69,,Big East Second Round
Wed Mar 13 2013,Syracuse,75,Seton Hall,63,,Big East Second Round
Date,Visitor/Neutral,PTS,Home/Neutral,PTS,OT,Notes
Wed Mar 13 2013,Villanova,66,St. John's (NY),53,,Big East Second Round
Thu Mar 14 2013,Georgetown,62,Cincinnati,43,,Big East Quarterfinal Round
Thu Mar 14 2013,Villanova,55,Louisville,74,,Big East Quarterfinal Round
Thu Mar 14 2013,Notre Dame,73,Marquette,65,,Big East Quarterfinal Round
Thu Mar 14 2013,Syracuse,62,Pittsburgh,59,,Big East Quarterfinal Round
Fri Mar 15 2013,Syracuse,58,Georgetown,55,OT,Big East Semifinal Round
Fri Mar 15 2013,Notre Dame,57,Louisville,69,,Big East Semifinal Round
Sat Mar 16 2013,Syracuse,61,Louisville,78,,Big East Final
Date,Visitor/Neutral,PTS,Home/Neutral,PTS,OT,Notes
Sun Nov 25 2012,West Virginia,70,Oklahoma,77,,Old Spice Classic
Sat Jan 5 2013,Texas,79,Baylor,86,OT,
Sat Jan 5 2013,Oklahoma State,67,Kansas State,73,,
Sat Jan 5 2013,Texas Tech,62,Texas Christian,53,,
Sat Jan 5 2013,Oklahoma,67,West Virginia,57,,
Tue Jan 8 2013,Baylor,82,Texas Tech,48,,
Wed Jan 9 2013,Iowa State,89,Kansas,97,OT,
Wed Jan 9 2013,Texas Christian,45,Oklahoma State,63,,
Wed Jan 9 2013,West Virginia,57,Texas,53,OT,
Sat Jan 12 2013,Texas Christian,40,Baylor,51,,
Sat Jan 12 2013,Texas,62,Iowa State,82,,
Sat Jan 12 2013,Oklahoma State,68,Oklahoma,77,,
Sat Jan 12 2013,Kansas,60,Texas Tech,46,,
Sat Jan 12 2013,Kansas State,65,West Virginia,64,,
Mon Jan 14 2013,Baylor,44,Kansas,61,,
Wed Jan 16 2013,West Virginia,67,Iowa State,69,,
Wed Jan 16 2013,Texas Tech,63,Oklahoma,81,,
Wed Jan 16 2013,Kansas State,67,Texas Christian,54,,
Sat Jan 19 2013,Oklahoma,60,Kansas State,69,,
Sat Jan 19 2013,Texas Tech,45,Oklahoma State,79,,
Date,Visitor/Neutral,PTS,Home/Neutral,PTS,OT,Notes
Sat Jan 19 2013,Kansas,64,Texas,59,,
Sat Jan 19 2013,Iowa State,63,Texas Christian,50,,
Mon Jan 21 2013,Oklahoma State,54,Baylor,64,,
Mon Jan 21 2013,Texas,67,Oklahoma,73,,
Tue Jan 22 2013,Kansas,59,Kansas State,55,,
Wed Jan 23 2013,Iowa State,51,Texas Tech,56,,
Wed Jan 23 2013,Texas Christian,50,West Virginia,71,,
Sat Jan 26 2013,Kansas State,67,Iowa State,73,,
Sat Jan 26 2013,Oklahoma,54,Kansas,67,,
Sat Jan 26 2013,West Virginia,66,Oklahoma State,80,,
Sat Jan 26 2013,Texas Tech,57,Texas,73,,
Sat Jan 26 2013,Baylor,82,Texas Christian,56,,
Mon Jan 28 2013,Kansas,61,West Virginia,56,,
Wed Jan 30 2013,Oklahoma,74,Baylor,71,,
Wed Jan 30 2013,Texas,57,Kansas State,83,,
Wed Jan 30 2013,Iowa State,76,Oklahoma State,78,,
Sat Feb 2 2013,Baylor,71,Iowa State,79,,
Sat Feb 2 2013,Oklahoma State,85,Kansas,80,,
Sat Feb 2 2013,Kansas State,52,Oklahoma,50,,
Sat Feb 2 2013,Texas Christian,43,Texas,60,,
Date,Visitor/Neutral,PTS,Home/Neutral,PTS,OT,Notes
Sat Feb 2 2013,West Virginia,77,Texas Tech,61,,
Mon Feb 4 2013,Oklahoma,64,Iowa State,83,,
Mon Feb 4 2013,Texas,58,West Virginia,60,,
Tue Feb 5 2013,Kansas State,68,Texas Tech,59,,
Wed Feb 6 2013,Baylor,67,Oklahoma State,69,OT,
Wed Feb 6 2013,Kansas,55,Texas Christian,62,,
Sat Feb 9 2013,Texas Tech,48,Baylor,75,,
Sat Feb 9 2013,Iowa State,70,Kansas State,79,,
Sat Feb 9 2013,Kansas,66,Oklahoma,72,,
Sat Feb 9 2013,Oklahoma State,72,Texas,59,,
Sat Feb 9 2013,West Virginia,63,Texas Christian,50,,
Mon Feb 11 2013,Kansas State,62,Kansas,83,,
Mon Feb 11 2013,Texas Christian,48,Oklahoma,75,,
Wed Feb 13 2013,West Virginia,60,Baylor,80,,
Wed Feb 13 2013,Iowa State,86,Texas,89,2OT,
Wed Feb 13 2013,Oklahoma State,91,Texas Tech,67,,
Sat Feb 16 2013,Texas Christian,53,Iowa State,87,,
Sat Feb 16 2013,Texas,47,Kansas,73,,
Sat Feb 16 2013,Baylor,61,Kansas State,81,,
Sat Feb 16 2013,Oklahoma,79,Oklahoma State,84,OT,
Date,Visitor/Neutral,PTS,Home/Neutral,PTS,OT,Notes
Sat Feb 16 2013,Texas Tech,64,West Virginia,66,,
Mon Feb 18 2013,West Virginia,61,Kansas State,71,,
Tue Feb 19 2013,Texas,68,Texas Christian,59,,
Wed Feb 20 2013,Iowa State,87,Baylor,82,,
Wed Feb 20 2013,Kansas,68,Oklahoma State,67,2OT,
Wed Feb 20 2013,Oklahoma,86,Texas Tech,71,,
Sat Feb 23 2013,Texas Tech,66,Iowa State,86,,
Sat Feb 23 2013,Texas Christian,48,Kansas,74,,
Sat Feb 23 2013,Baylor,76,Oklahoma,90,,
Sat Feb 23 2013,Kansas State,81,Texas,69,,
Sat Feb 23 2013,Oklahoma State,73,West Virginia,57,,
Mon Feb 25 2013,Kansas,108,Iowa State,96,OT,
Mon Feb 25 2013,Texas Tech,55,Kansas State,75,,
Wed Feb 27 2013,Oklahoma,86,Texas,92,OT,
Wed Feb 27 2013,Oklahoma State,64,Texas Christian,47,,
Wed Feb 27 2013,Baylor,65,West Virginia,62,,
Sat Mar 2 2013,Kansas State,64,Baylor,61,,
Sat Mar 2 2013,West Virginia,65,Kansas,91,,
Sat Mar 2 2013,Iowa State,69,Oklahoma,86,,
Sat Mar 2 2013,Texas,65,Oklahoma State,78,,
Date,Visitor/Neutral,PTS,Home/Neutral,PTS,OT,Notes
Sat Mar 2 2013,Texas Christian,63,Texas Tech,72,,
Mon Mar 4 2013,Texas Tech,42,Kansas,79,,
Mon Mar 4 2013,Baylor,70,Texas,79,,
Tue Mar 5 2013,Texas Christian,68,Kansas State,79,,
Wed Mar 6 2013,Oklahoma State,76,Iowa State,87,,
Wed Mar 6 2013,West Virginia,70,Oklahoma,83,,
Sat Mar 9 2013,Kansas,58,Baylor,81,,
Sat Mar 9 2013,Kansas State,70,Oklahoma State,76,,
Sat Mar 9 2013,Oklahoma,67,Texas Christian,70,,
Sat Mar 9 2013,Texas,71,Texas Tech,69,OT,
Sat Mar 9 2013,Iowa State,83,West Virginia,74,,
Wed Mar 13 2013,Texas Christian,57,Texas,70,,Big 12 First Round
Wed Mar 13 2013,West Virginia,69,Texas Tech,71,,Big 12 First Round
Thu Mar 14 2013,Oklahoma State,74,Baylor,72,,Big 12 Quarterfinal Round
Thu Mar 14 2013,Oklahoma,66,Iowa State,73,,Big 12 Quarterfinal Round
Thu Mar 14 2013,Texas Tech,63,Kansas,91,,Big 12 Quarterfinal Round
Thu Mar 14 2013,Texas,49,Kansas State,66,,Big 12 Quarterfinal Round
Fri Mar 15 2013,Kansas,88,Iowa State,73,,Big 12 Semifinal Round
Fri Mar 15 2013,Oklahoma State,57,Kansas State,68,,Big 12 Semifinal Round
Sat Mar 16 2013,Kansas State,54,Kansas,70,,Big 12 Final
Date,Visitor/Neutral,PTS,Home/Neutral,PTS,OT,Notes
Mon Dec 31 2012,Indiana,69,Iowa,65,,
Mon Dec 31 2012,Michigan State,63,Minnesota,76,,
Wed Jan 2 2013,Nebraska,44,Ohio State,70,,
Wed Jan 2 2013,Illinois,61,Purdue,68,,
Thu Jan 3 2013,Michigan,94,Northwestern,66,,
Thu Jan 3 2013,Penn State,51,Wisconsin,60,,
Sat Jan 5 2013,Ohio State,55,Illinois,74,,
Sat Jan 5 2013,Purdue,61,Michigan State,84,,
Sun Jan 6 2013,Iowa,67,Michigan,95,,
Sun Jan 6 2013,Northwestern,51,Minnesota,69,,
Sun Jan 6 2013,Wisconsin,47,Nebraska,41,,
Mon Jan 7 2013,Indiana,74,Penn State,51,,
Tue Jan 8 2013,Ohio State,74,Purdue,64,,
Wed Jan 9 2013,Minnesota,84,Illinois,67,,
Wed Jan 9 2013,Nebraska,47,Michigan,62,,
Thu Jan 10 2013,Michigan State,62,Iowa,59,,
Thu Jan 10 2013,Northwestern,70,Penn State,54,,
Sat Jan 12 2013,Minnesota,81,Indiana,88,,
Sat Jan 12 2013,Illinois,51,Wisconsin,74,,
Sun Jan 13 2013,Nebraska,56,Michigan State,66,,
Date,Visitor/Neutral,PTS,Home/Neutral,PTS,OT,Notes
Sun Jan 13 2013,Iowa,70,Northwestern,50,,
Sun Jan 13 2013,Michigan,53,Ohio State,56,,
Sun Jan 13 2013,Penn State,42,Purdue,60,,
Tue Jan 15 2013,Wisconsin,64,Indiana,59,,
Wed Jan 16 2013,Purdue,65,Nebraska,56,,
Wed Jan 16 2013,Michigan State,81,Penn State,72,,
Thu Jan 17 2013,Northwestern,68,Illinois,54,,
Thu Jan 17 2013,Michigan,83,Minnesota,75,,
Sat Jan 19 2013,Wisconsin,66,Iowa,70,,
Sat Jan 19 2013,Ohio State,56,Michigan State,59,,
Sat Jan 19 2013,Nebraska,68,Penn State,64,,
Sun Jan 20 2013,Indiana,67,Northwestern,59,,
Tue Jan 22 2013,Illinois,71,Nebraska,51,,
Tue Jan 22 2013,Iowa,63,Ohio State,72,,
Tue Jan 22 2013,Michigan State,49,Wisconsin,47,,
Wed Jan 23 2013,Penn State,49,Indiana,72,,
Wed Jan 23 2013,Minnesota,48,Northwestern,55,,
Thu Jan 24 2013,Purdue,53,Michigan,68,,
Sat Jan 26 2013,Northwestern,49,Nebraska,64,,
Sat Jan 26 2013,Ohio State,65,Penn State,51,,
Date,Visitor/Neutral,PTS,Home/Neutral,PTS,OT,Notes
Sat Jan 26 2013,Minnesota,44,Wisconsin,45,,
Sun Jan 27 2013,Michigan,74,Illinois,60,,
Sun Jan 27 2013,Michigan State,70,Indiana,75,,
Sun Jan 27 2013,Iowa,62,Purdue,65,OT,
Tue Jan 29 2013,Nebraska,65,Minnesota,84,,
Tue Jan 29 2013,Wisconsin,49,Ohio State,58,,
Wed Jan 30 2013,Northwestern,46,Michigan,68,,
Wed Jan 30 2013,Indiana,97,Purdue,60,,
Thu Jan 31 2013,Penn State,67,Iowa,76,,
Thu Jan 31 2013,Illinois,75,Michigan State,80,,
Sat Feb 2 2013,Michigan,73,Indiana,81,,
Sat Feb 2 2013,Ohio State,63,Nebraska,56,,
Sat Feb 2 2013,Purdue,60,Northwestern,75,,
Sun Feb 3 2013,Wisconsin,74,Illinois,68,,
Sun Feb 3 2013,Iowa,59,Minnesota,62,,
Tue Feb 5 2013,Ohio State,74,Michigan,76,OT,
Tue Feb 5 2013,Purdue,58,Penn State,49,,
Wed Feb 6 2013,Minnesota,50,Michigan State,61,,
Wed Feb 6 2013,Iowa,70,Wisconsin,74,2OT,
Thu Feb 7 2013,Indiana,72,Illinois,74,,
Date,Visitor/Neutral,PTS,Home/Neutral,PTS,OT,Notes
Sat Feb 9 2013,Northwestern,57,Iowa,71,,
Sat Feb 9 2013,Penn State,53,Nebraska,67,,
Sat Feb 9 2013,Michigan State,78,Purdue,65,,
Sat Feb 9 2013,Michigan,62,Wisconsin,65,OT,
Sun Feb 10 2013,Illinois,57,Minnesota,53,,
Sun Feb 10 2013,Indiana,81,Ohio State,68,,
Tue Feb 12 2013,Michigan,52,Michigan State,75,,
Wed Feb 13 2013,Purdue,59,Illinois,79,,
Wed Feb 13 2013,Nebraska,47,Indiana,76,,
Thu Feb 14 2013,Wisconsin,53,Minnesota,58,OT,
Thu Feb 14 2013,Northwestern,59,Ohio State,69,,
Thu Feb 14 2013,Iowa,74,Penn State,72,,
Sat Feb 16 2013,Purdue,55,Indiana,83,,
Sat Feb 16 2013,Michigan State,73,Nebraska,64,,
Sun Feb 17 2013,Minnesota,51,Iowa,72,,
Sun Feb 17 2013,Penn State,71,Michigan,79,,
Sun Feb 17 2013,Illinois,62,Northwestern,41,,
Sun Feb 17 2013,Ohio State,49,Wisconsin,71,,
Tue Feb 19 2013,Indiana,72,Michigan State,68,,
Wed Feb 20 2013,Wisconsin,69,Northwestern,41,,
Date,Visitor/Neutral,PTS,Home/Neutral,PTS,OT,Notes
Wed Feb 20 2013,Minnesota,45,Ohio State,71,,
Thu Feb 21 2013,Penn State,59,Illinois,64,,
Sat Feb 23 2013,Iowa,60,Nebraska,64,,
Sun Feb 24 2013,Illinois,58,Michigan,71,,
Sun Feb 24 2013,Michigan State,60,Ohio State,68,,
Sun Feb 24 2013,Northwestern,43,Purdue,74,,
Tue Feb 26 2013,Indiana,73,Minnesota,77,,
Tue Feb 26 2013,Nebraska,46,Wisconsin,77,,
Wed Feb 27 2013,Purdue,48,Iowa,58,,
Wed Feb 27 2013,Michigan,78,Penn State,84,,
Thu Feb 28 2013,Ohio State,63,Northwestern,53,,
Sat Mar 2 2013,Nebraska,65,Illinois,72,,
Sat Mar 2 2013,Iowa,60,Indiana,73,,
Sat Mar 2 2013,Penn State,44,Minnesota,73,,
Sun Mar 3 2013,Michigan State,57,Michigan,58,,
Sun Mar 3 2013,Purdue,69,Wisconsin,56,,
Tue Mar 5 2013,Ohio State,67,Indiana,58,,
Tue Mar 5 2013,Illinois,55,Iowa,63,,
Wed Mar 6 2013,Minnesota,51,Nebraska,53,,
Wed Mar 6 2013,Michigan,80,Purdue,75,,
Date,Visitor/Neutral,PTS,Home/Neutral,PTS,OT,Notes
Thu Mar 7 2013,Wisconsin,43,Michigan State,58,,
Thu Mar 7 2013,Penn State,66,Northwestern,59,,
Sat Mar 9 2013,Nebraska,60,Iowa,74,,
Sat Mar 9 2013,Minnesota,73,Purdue,89,,
Sun Mar 10 2013,Indiana,72,Michigan,71,,
Sun Mar 10 2013,Northwestern,61,Michigan State,71,,
Sun Mar 10 2013,Illinois,55,Ohio State,68,,
Sun Mar 10 2013,Wisconsin,63,Penn State,60,,
Thu Mar 14 2013,Minnesota,49,Illinois,51,,Big Ten First Round
Thu Mar 14 2013,Northwestern,59,Iowa,73,,Big Ten First Round
Thu Mar 14 2013,Penn State,66,Michigan,83,,Big Ten First Round
Thu Mar 14 2013,Purdue,55,Nebraska,57,,Big Ten First Round
Fri Mar 15 2013,Indiana,80,Illinois,64,,Big Ten Quarterfinal Round
Fri Mar 15 2013,Michigan State,59,Iowa,56,,Big Ten Quarterfinal Round
Fri Mar 15 2013,Wisconsin,68,Michigan,59,,Big Ten Quarterfinal Round
Fri Mar 15 2013,Ohio State,71,Nebraska,50,,Big Ten Quarterfinal Round
Sat Mar 16 2013,Wisconsin,68,Indiana,56,,Big Ten Semifinal Round
Sat Mar 16 2013,Ohio State,61,Michigan State,58,,Big Ten Semifinal Round
Sun Mar 17 2013,Wisconsin,43,Ohio State,50,,Big Ten Final
Date,Visitor/Neutral,PTS,Home/Neutral,PTS,OT,Notes
Sat Dec 29 2012,Denver,60,Louisiana Tech,68,,
Sat Dec 29 2012,Idaho,71,Seattle,64,,
Sat Dec 29 2012,San Jose State,72,Texas State,55,,
Sat Dec 29 2012,New Mexico State,47,Texas-Arlington,68,,
Sat Dec 29 2012,Utah State,71,Texas-San Antonio,67,,
Mon Dec 31 2012,New Mexico State,72,Louisiana Tech,81,,
Mon Dec 31 2012,Utah State,81,Texas State,57,,
Mon Dec 31 2012,Denver,50,Texas-Arlington,35,,
Mon Dec 31 2012,San Jose State,80,Texas-San Antonio,67,,
Thu Jan 3 2013,Texas State,53,Denver,64,,
Thu Jan 3 2013,Texas-San Antonio,62,New Mexico State,82,,
Thu Jan 3 2013,Idaho,64,San Jose State,55,,
Thu Jan 3 2013,Seattle,66,Utah State,75,,
Sat Jan 5 2013,Texas State,67,New Mexico State,78,,
Sat Jan 5 2013,Seattle,71,San Jose State,76,,
Sat Jan 5 2013,Louisiana Tech,55,Texas-Arlington,52,,
Sat Jan 5 2013,Idaho,75,Utah State,82,OT,
Sun Jan 6 2013,Texas-San Antonio,50,Denver,75,,
Thu Jan 10 2013,Denver,55,Idaho,49,,
Thu Jan 10 2013,New Mexico State,83,Seattle,82,2OT,
Date,Visitor/Neutral,PTS,Home/Neutral,PTS,OT,Notes
Thu Jan 10 2013,Louisiana Tech,84,Texas State,67,,
Thu Jan 10 2013,Texas-Arlington,75,Texas-San Antonio,67,,
Fri Jan 11 2013,San Jose State,60,Utah State,66,,
Sat Jan 12 2013,New Mexico State,71,Idaho,70,,
Sat Jan 12 2013,Denver,64,Seattle,51,,
Sat Jan 12 2013,Texas-Arlington,91,Texas State,74,,
Sat Jan 12 2013,Louisiana Tech,73,Texas-San Antonio,71,,
Thu Jan 17 2013,San Jose State,37,Denver,73,,
Thu Jan 17 2013,Idaho,66,Louisiana Tech,72,,
Thu Jan 17 2013,Utah State,51,New Mexico State,64,,
Thu Jan 17 2013,Seattle,61,Texas-Arlington,44,,
Sat Jan 19 2013,Utah State,57,Denver,68,,
Sat Jan 19 2013,Seattle,71,Louisiana Tech,78,,
Sat Jan 19 2013,San Jose State,53,New Mexico State,70,,
Sat Jan 19 2013,Idaho,77,Texas-Arlington,64,,
Sat Jan 19 2013,Texas State,81,Texas-San Antonio,78,OT,
Wed Jan 23 2013,Denver,42,New Mexico State,53,,
Thu Jan 24 2013,Texas State,78,Idaho,73,,
Thu Jan 24 2013,Louisiana Tech,76,San Jose State,54,,
Thu Jan 24 2013,Texas-San Antonio,78,Seattle,75,,
Date,Visitor/Neutral,PTS,Home/Neutral,PTS,OT,Notes
Thu Jan 24 2013,Texas-Arlington,74,Utah State,68,,
Sat Jan 26 2013,Texas-San Antonio,70,Idaho,74,,
Sat Jan 26 2013,Texas-Arlington,66,San Jose State,47,,
Sat Jan 26 2013,Texas State,86,Seattle,83,,
Sat Jan 26 2013,Louisiana Tech,51,Utah State,48,,
Thu Jan 31 2013,Utah State,77,Idaho,67,,
Thu Jan 31 2013,San Jose State,48,Seattle,56,,
Thu Jan 31 2013,New Mexico State,86,Texas State,72,,
Thu Jan 31 2013,Denver,71,Texas-San Antonio,57,,
Sat Feb 2 2013,San Jose State,63,Idaho,66,,
Sat Feb 2 2013,Texas-Arlington,51,Louisiana Tech,64,,
Sat Feb 2 2013,Utah State,68,Seattle,46,,
Sat Feb 2 2013,Denver,79,Texas State,64,,
Sat Feb 2 2013,New Mexico State,75,Texas-San Antonio,62,,
Thu Feb 7 2013,Seattle,55,Denver,72,,
Thu Feb 7 2013,Texas-San Antonio,49,Louisiana Tech,74,,
Thu Feb 7 2013,Idaho,74,New Mexico State,76,,
Thu Feb 7 2013,Texas State,50,Texas-Arlington,75,,
Fri Feb 8 2013,Utah State,63,San Jose State,36,,
Sat Feb 9 2013,Idaho,58,Denver,74,,
Date,Visitor/Neutral,PTS,Home/Neutral,PTS,OT,Notes
Sat Feb 9 2013,Texas State,69,Louisiana Tech,84,,
Sat Feb 9 2013,Seattle,57,New Mexico State,60,,
Sat Feb 9 2013,Texas-San Antonio,63,Texas-Arlington,68,,
Thu Feb 14 2013,Texas-Arlington,71,Idaho,68,,
Thu Feb 14 2013,New Mexico State,67,San Jose State,57,,
Thu Feb 14 2013,Louisiana Tech,64,Seattle,58,,
Thu Feb 14 2013,Denver,63,Utah State,60,OT,
Sat Feb 16 2013,Louisiana Tech,67,Idaho,61,,
Sat Feb 16 2013,Denver,62,San Jose State,41,,
Sat Feb 16 2013,Texas-Arlington,65,Seattle,63,,
Sat Feb 16 2013,Texas-San Antonio,73,Texas State,62,,
Sat Feb 16 2013,New Mexico State,69,Utah State,73,,
Thu Feb 28 2013,Utah State,61,Louisiana Tech,84,,
Thu Feb 28 2013,Seattle,65,Texas State,67,,
Thu Feb 28 2013,San Jose State,74,Texas-Arlington,81,,
Thu Feb 28 2013,Idaho,56,Texas-San Antonio,74,,
Sat Mar 2 2013,New Mexico State,60,Denver,66,,
Sat Mar 2 2013,San Jose State,61,Louisiana Tech,88,,
Sat Mar 2 2013,Idaho,90,Texas State,81,,
Sat Mar 2 2013,Utah State,46,Texas-Arlington,61,,
Date,Visitor/Neutral,PTS,Home/Neutral,PTS,OT,Notes
Sat Mar 2 2013,Seattle,53,Texas-San Antonio,37,,
Thu Mar 7 2013,Texas-Arlington,55,Denver,84,,
Thu Mar 7 2013,Louisiana Tech,60,New Mexico State,78,,
Thu Mar 7 2013,Texas State,61,Utah State,77,,
Sat Mar 9 2013,Louisiana Tech,54,Denver,78,,
Sat Mar 9 2013,Seattle,72,Idaho,76,,
Sat Mar 9 2013,Texas-Arlington,66,New Mexico State,69,,
Sat Mar 9 2013,Texas State,90,San Jose State,67,,
Sat Mar 9 2013,Texas-San Antonio,51,Utah State,71,,
Tue Mar 12 2013,Texas-San Antonio,67,San Jose State,49,,WAC Opening Round
Tue Mar 12 2013,Texas State,68,Seattle,56,,WAC Opening Round
Thu Mar 14 2013,Texas State,72,Denver,68,,WAC Quarterfinal Round
Thu Mar 14 2013,New Mexico State,65,Idaho,49,,WAC Quarterfinal Round
Thu Mar 14 2013,Texas-San Antonio,73,Louisiana Tech,67,,WAC Quarterfinal Round
Thu Mar 14 2013,Utah State,78,Texas-Arlington,83,,WAC Quarterfinal Round
Fri Mar 15 2013,Texas State,65,New Mexico State,74,,WAC Semifinal Round
Fri Mar 15 2013,Texas-San Antonio,53,Texas-Arlington,69,,WAC Semifinal Round
Sat Mar 16 2013,Texas-Arlington,55,New Mexico State,64,,WAC Final
Date,Visitor/Neutral,PTS,Home/Neutral,PTS,OT,Notes
Wed Jan 2 2013,Utah,54,Arizona State,55,OT,
Thu Jan 3 2013,Colorado,83,Arizona,92,OT,
Thu Jan 3 2013,Stanford,69,Southern California,71,,
Thu Jan 3 2013,California,65,UCLA,79,,
Sat Jan 5 2013,Utah,57,Arizona,60,,
Sat Jan 5 2013,California,72,Southern California,64,,
Sat Jan 5 2013,Stanford,60,UCLA,68,,
Sat Jan 5 2013,Washington,68,Washington State,63,,
Sun Jan 6 2013,Colorado,56,Arizona State,65,,
Sun Jan 6 2013,Oregon,79,Oregon State,66,,
Wed Jan 9 2013,Washington,62,California,47,,
Wed Jan 9 2013,Washington State,67,Stanford,78,,
Thu Jan 10 2013,Southern California,60,Colorado,66,,
Thu Jan 10 2013,Arizona,66,Oregon,70,,
Thu Jan 10 2013,Arizona State,72,Oregon State,62,,
Thu Jan 10 2013,UCLA,57,Utah,53,,
Sat Jan 12 2013,Washington State,54,California,67,,
Sat Jan 12 2013,UCLA,78,Colorado,75,,
Sat Jan 12 2013,Arizona,80,Oregon State,70,,
Sat Jan 12 2013,Washington,65,Stanford,60,,
Date,Visitor/Neutral,PTS,Home/Neutral,PTS,OT,Notes
Sat Jan 12 2013,Southern California,76,Utah,59,,
Sun Jan 13 2013,Arizona State,65,Oregon,68,,
Wed Jan 16 2013,Colorado,54,Washington,64,,
Wed Jan 16 2013,Utah,65,Washington State,75,,
Thu Jan 17 2013,Oregon,76,Southern California,74,,
Thu Jan 17 2013,Oregon State,64,UCLA,74,,
Sat Jan 19 2013,Arizona,71,Arizona State,54,,
Sat Jan 19 2013,Oregon State,68,Southern California,69,,
Sat Jan 19 2013,California,59,Stanford,69,,
Sat Jan 19 2013,Oregon,76,UCLA,67,,
Sat Jan 19 2013,Utah,74,Washington,65,,
Sat Jan 19 2013,Colorado,58,Washington State,49,,
Wed Jan 23 2013,Washington State,61,Oregon,68,,
Wed Jan 23 2013,Washington,66,Oregon State,74,,
Thu Jan 24 2013,UCLA,84,Arizona,73,,
Thu Jan 24 2013,Southern California,93,Arizona State,98,OT,
Thu Jan 24 2013,Stanford,54,Colorado,75,,
Thu Jan 24 2013,California,62,Utah,57,,
Sat Jan 26 2013,Southern California,50,Arizona,74,,
Sat Jan 26 2013,UCLA,60,Arizona State,78,,
Date,Visitor/Neutral,PTS,Home/Neutral,PTS,OT,Notes
Sat Jan 26 2013,Washington,76,Oregon,81,,
Sat Jan 26 2013,Washington State,71,Oregon State,68,,
Sun Jan 27 2013,California,71,Colorado,81,,
Sun Jan 27 2013,Stanford,87,Utah,56,,
Wed Jan 30 2013,Oregon,52,Stanford,76,,
Wed Jan 30 2013,Southern California,75,UCLA,71,OT,
Thu Jan 31 2013,Oregon State,68,California,71,,
Thu Jan 31 2013,Arizona,57,Washington,53,,
Thu Jan 31 2013,Arizona State,63,Washington State,59,,
Sat Feb 2 2013,Oregon,54,California,58,,
Sat Feb 2 2013,Colorado,55,Utah,58,,
Sat Feb 2 2013,Arizona State,92,Washington,96,,
Sat Feb 2 2013,Arizona,79,Washington State,65,,
Sun Feb 3 2013,Oregon State,73,Stanford,81,,
Wed Feb 6 2013,Stanford,66,Arizona,73,,
Wed Feb 6 2013,Utah,64,Oregon State,82,,
Thu Feb 7 2013,California,62,Arizona State,66,,
Thu Feb 7 2013,Colorado,48,Oregon,47,,
Thu Feb 7 2013,Washington State,68,Southern California,72,,
Thu Feb 7 2013,Washington,57,UCLA,59,,
Date,Visitor/Neutral,PTS,Home/Neutral,PTS,OT,Notes
Sat Feb 9 2013,Stanford,62,Arizona State,59,,
Sat Feb 9 2013,Utah,64,Oregon,73,,
Sat Feb 9 2013,Washington State,62,UCLA,76,,
Sun Feb 10 2013,California,77,Arizona,69,,
Sun Feb 10 2013,Colorado,72,Oregon State,68,,
Sun Feb 10 2013,Washington,60,Southern California,71,,
Wed Feb 13 2013,Arizona State,55,Utah,60,,
Wed Feb 13 2013,Oregon,65,Washington,52,,
Wed Feb 13 2013,Oregon State,67,Washington State,66,,
Thu Feb 14 2013,UCLA,63,California,76,,
Thu Feb 14 2013,Arizona,58,Colorado,71,,
Thu Feb 14 2013,Southern California,65,Stanford,64,,
Sat Feb 16 2013,Arizona State,63,Colorado,62,OT,
Sat Feb 16 2013,UCLA,88,Stanford,80,,
Sat Feb 16 2013,Oregon State,62,Washington,72,,
Sat Feb 16 2013,Oregon,79,Washington State,77,OT,
Sun Feb 17 2013,Southern California,68,California,76,,
Sun Feb 17 2013,Arizona,68,Utah,64,,
Wed Feb 20 2013,Washington,52,Arizona,70,,
Wed Feb 20 2013,Washington State,57,Arizona State,69,,
Date,Visitor/Neutral,PTS,Home/Neutral,PTS,OT,Notes
Thu Feb 21 2013,Utah,50,Colorado,60,,
Thu Feb 21 2013,California,48,Oregon,46,,
Thu Feb 21 2013,Stanford,82,Oregon State,72,,
Sat Feb 23 2013,Washington State,56,Arizona,73,,
Sat Feb 23 2013,Washington,68,Arizona State,59,,
Sat Feb 23 2013,Stanford,66,Oregon,77,,
Sat Feb 23 2013,California,60,Oregon State,59,,
Sun Feb 24 2013,UCLA,75,Southern California,59,,
Wed Feb 27 2013,Arizona,78,Southern California,89,,
Wed Feb 27 2013,Colorado,65,Stanford,63,,
Wed Feb 27 2013,Arizona State,74,UCLA,79,OT,
Thu Feb 28 2013,Utah,46,California,64,,
Thu Feb 28 2013,Oregon State,75,Oregon,85,,
Sat Mar 2 2013,Colorado,46,California,62,,
Sat Mar 2 2013,Arizona State,56,Southern California,57,,
Sat Mar 2 2013,Arizona,69,UCLA,74,,
Sun Mar 3 2013,Utah,66,Stanford,84,,
Sun Mar 3 2013,Washington State,68,Washington,72,,
Wed Mar 6 2013,Stanford,83,California,70,,
Wed Mar 6 2013,Southern California,57,Washington,65,,
Date,Visitor/Neutral,PTS,Home/Neutral,PTS,OT,Notes
Wed Mar 6 2013,UCLA,61,Washington State,73,,
Thu Mar 7 2013,Oregon,53,Colorado,76,,
Thu Mar 7 2013,Oregon State,61,Utah,72,,
Sat Mar 9 2013,Arizona State,58,Arizona,73,,
Sat Mar 9 2013,Oregon State,64,Colorado,58,,
Sat Mar 9 2013,Oregon,62,Utah,72,,
Sat Mar 9 2013,UCLA,61,Washington,54,,
Sat Mar 9 2013,Southern California,51,Washington State,76,,
Wed Mar 13 2013,Stanford,88,Arizona State,89,OT,Pac-12 First Round
Wed Mar 13 2013,Oregon State,68,Colorado,74,,Pac-12 First Round
Wed Mar 13 2013,Utah,69,Southern California,66,,Pac-12 First Round
Wed Mar 13 2013,Washington State,62,Washington,64,,Pac-12 First Round
Thu Mar 14 2013,Colorado,69,Arizona,79,,Pac-12 Quarterfinal Round
Thu Mar 14 2013,UCLA,80,Arizona State,75,,Pac-12 Quarterfinal Round
Thu Mar 14 2013,Utah,79,California,69,OT,Pac-12 Quarterfinal Round
Thu Mar 14 2013,Washington,77,Oregon,80,OT,Pac-12 Quarterfinal Round
Fri Mar 15 2013,UCLA,66,Arizona,64,,Pac-12 Semifinal Round
Fri Mar 15 2013,Utah,45,Oregon,64,,Pac-12 Semifinal Round
Sat Mar 16 2013,UCLA,69,Oregon,78,,Pac-12 Final
Date,Visitor/Neutral,PTS,Home/Neutral,PTS,OT,Notes
Wed Jan 9 2013,Nevada,65,Air Force,78,,
Wed Jan 9 2013,San Diego State,65,Fresno State,62,,
Wed Jan 9 2013,Nevada-Las Vegas,60,New Mexico,65,,
Wed Jan 9 2013,Boise State,63,Wyoming,61,,
Sat Jan 12 2013,Wyoming,59,Nevada,48,,
Sat Jan 12 2013,Air Force,71,Nevada-Las Vegas,76,OT,
Sat Jan 12 2013,Fresno State,45,New Mexico,72,,
Sat Jan 12 2013,Colorado State,72,San Diego State,79,OT,
Wed Jan 16 2013,New Mexico,79,Boise State,74,OT,
Wed Jan 16 2013,Air Force,40,Colorado State,79,,
Wed Jan 16 2013,Wyoming,36,Fresno State,49,,
Wed Jan 16 2013,Nevada-Las Vegas,82,San Diego State,75,,
Sat Jan 19 2013,Boise State,80,Air Force,91,,
Sat Jan 19 2013,Nevada-Las Vegas,61,Colorado State,66,,
Sat Jan 19 2013,Nevada,68,Fresno State,61,,
Sat Jan 19 2013,San Diego State,45,Wyoming,58,,
Wed Jan 23 2013,Fresno State,67,Boise State,74,,
Wed Jan 23 2013,San Diego State,78,Nevada,57,,
Wed Jan 23 2013,Colorado State,61,New Mexico,66,,
Thu Jan 24 2013,Wyoming,50,Nevada-Las Vegas,62,,
Date,Visitor/Neutral,PTS,Home/Neutral,PTS,OT,Notes
Sat Jan 26 2013,Colorado State,74,Fresno State,63,,
Sat Jan 26 2013,Boise State,59,Nevada,75,,
Sat Jan 26 2013,New Mexico,34,San Diego State,55,,
Sat Jan 26 2013,Air Force,57,Wyoming,48,,
Tue Jan 29 2013,Nevada,54,Nevada-Las Vegas,66,,
Wed Jan 30 2013,Fresno State,50,Air Force,62,,
Wed Jan 30 2013,Boise State,57,Colorado State,77,,
Wed Jan 30 2013,New Mexico,63,Wyoming,59,,
Sat Feb 2 2013,San Diego State,67,Air Force,70,,
Sat Feb 2 2013,Nevada-Las Vegas,72,Boise State,77,,
Sat Feb 2 2013,Wyoming,46,Colorado State,65,,
Sat Feb 2 2013,Nevada,62,New Mexico,75,,
Wed Feb 6 2013,Nevada-Las Vegas,55,Fresno State,64,,
Wed Feb 6 2013,Colorado State,73,Nevada,69,,
Wed Feb 6 2013,Air Force,58,New Mexico,81,,
Wed Feb 6 2013,Boise State,62,San Diego State,63,,
Sat Feb 9 2013,Wyoming,61,Boise State,68,,
Sat Feb 9 2013,Air Force,69,Nevada,74,,
Sat Feb 9 2013,New Mexico,55,Nevada-Las Vegas,64,,
Sat Feb 9 2013,Fresno State,53,San Diego State,75,,
Date,Visitor/Neutral,PTS,Home/Neutral,PTS,OT,Notes
Wed Feb 13 2013,Nevada-Las Vegas,56,Air Force,71,,
Wed Feb 13 2013,San Diego State,60,Colorado State,66,,
Wed Feb 13 2013,New Mexico,54,Fresno State,48,,
Wed Feb 13 2013,Nevada,48,Wyoming,68,,
Sat Feb 16 2013,Colorado State,89,Air Force,86,,
Sat Feb 16 2013,San Diego State,70,Nevada-Las Vegas,72,,
Sat Feb 16 2013,Boise State,50,New Mexico,60,,
Sat Feb 16 2013,Fresno State,51,Wyoming,55,OT,
Tue Feb 19 2013,Fresno State,69,Nevada,64,OT,
Tue Feb 19 2013,Wyoming,51,San Diego State,79,,
Wed Feb 20 2013,Air Force,65,Boise State,77,,
Wed Feb 20 2013,Colorado State,59,Nevada-Las Vegas,61,,
Sat Feb 23 2013,New Mexico,91,Colorado State,82,,
Sat Feb 23 2013,Boise State,72,Fresno State,63,,
Sat Feb 23 2013,Nevada,75,San Diego State,88,,
Sat Feb 23 2013,Nevada-Las Vegas,65,Wyoming,42,,
Tue Feb 26 2013,Wyoming,66,Air Force,72,,
Wed Feb 27 2013,Nevada,47,Boise State,73,,
Wed Feb 27 2013,Fresno State,67,Colorado State,74,,
Wed Feb 27 2013,San Diego State,60,New Mexico,70,,
Date,Visitor/Neutral,PTS,Home/Neutral,PTS,OT,Notes
Sat Mar 2 2013,Colorado State,65,Boise State,78,,
Sat Mar 2 2013,Air Force,41,Fresno State,56,,
Sat Mar 2 2013,Nevada-Las Vegas,80,Nevada,63,,
Sat Mar 2 2013,Wyoming,42,New Mexico,53,,
Tue Mar 5 2013,Boise State,64,Nevada-Las Vegas,68,,
Wed Mar 6 2013,New Mexico,75,Nevada,62,,
Wed Mar 6 2013,Air Force,51,San Diego State,58,,
Wed Mar 6 2013,Colorado State,78,Wyoming,56,,
Sat Mar 9 2013,New Mexico,88,Air Force,89,,
Sat Mar 9 2013,San Diego State,65,Boise State,69,,
Sat Mar 9 2013,Nevada,66,Colorado State,77,,
Sat Mar 9 2013,Fresno State,61,Nevada-Las Vegas,52,,
Tue Mar 12 2013,Wyoming,85,Nevada,81,,MWC First Round
Wed Mar 13 2013,San Diego State,73,Boise State,67,,MWC Quarterfinal Round
Wed Mar 13 2013,Fresno State,61,Colorado State,67,,MWC Quarterfinal Round
Wed Mar 13 2013,Air Force,56,Nevada-Las Vegas,72,,MWC Quarterfinal Round
Wed Mar 13 2013,Wyoming,46,New Mexico,59,,MWC Quarterfinal Round
Fri Mar 15 2013,Nevada-Las Vegas,75,Colorado State,65,,MWC Semifinal Round
Fri Mar 15 2013,San Diego State,50,New Mexico,60,,MWC Semifinal Round
Sat Mar 16 2013,New Mexico,63,Nevada-Las Vegas,56,,MWC Final
Date,Visitor/Neutral,PTS,Home/Neutral,PTS,OT,Notes
Sat Jan 5 2013,North Carolina State,78,Boston College,73,,
Sat Jan 5 2013,Florida State,71,Clemson,66,,
Sat Jan 5 2013,Wake Forest,62,Duke,80,,
Sat Jan 5 2013,Miami (FL),62,Georgia Tech,49,,
Sat Jan 5 2013,Virginia Tech,71,Maryland,94,,
Sun Jan 6 2013,North Carolina,52,Virginia,61,,
Tue Jan 8 2013,Clemson,40,Duke,68,,
Wed Jan 9 2013,Florida State,65,Maryland,62,,
Wed Jan 9 2013,Georgia Tech,70,North Carolina State,83,,
Wed Jan 9 2013,Boston College,86,Virginia Tech,75,,
Wed Jan 9 2013,Virginia,52,Wake Forest,55,,
Thu Jan 10 2013,Miami (FL),68,North Carolina,59,,
Sat Jan 12 2013,Virginia,44,Clemson,59,,
Sat Jan 12 2013,North Carolina,77,Florida State,72,,
Sat Jan 12 2013,Virginia Tech,70,Georgia Tech,65,OT,
Sat Jan 12 2013,Duke,76,North Carolina State,84,,
Sat Jan 12 2013,Boston College,72,Wake Forest,75,,
Sun Jan 13 2013,Maryland,47,Miami (FL),54,,
Tue Jan 15 2013,Wake Forest,44,Clemson,60,,
Wed Jan 16 2013,Miami (FL),60,Boston College,59,,
Date,Visitor/Neutral,PTS,Home/Neutral,PTS,OT,Notes
Wed Jan 16 2013,North Carolina State,50,Maryland,51,,
Thu Jan 17 2013,Georgia Tech,57,Duke,73,,
Sat Jan 19 2013,Maryland,52,North Carolina,62,,
Sat Jan 19 2013,Florida State,36,Virginia,56,,
Sat Jan 19 2013,Wake Forest,65,Virginia Tech,66,,
Sun Jan 20 2013,Clemson,62,North Carolina State,66,,
Tue Jan 22 2013,Boston College,59,Maryland,64,,
Tue Jan 22 2013,North Carolina State,84,Wake Forest,86,,
Wed Jan 23 2013,Duke,63,Miami (FL),90,,
Wed Jan 23 2013,Georgia Tech,63,North Carolina,79,,
Thu Jan 24 2013,Clemson,57,Florida State,60,,
Thu Jan 24 2013,Virginia,74,Virginia Tech,58,,
Sat Jan 26 2013,Maryland,64,Duke,84,,
Sat Jan 26 2013,Wake Forest,62,Georgia Tech,82,,
Sat Jan 26 2013,North Carolina,83,North Carolina State,91,,
Sat Jan 26 2013,Boston College,51,Virginia,65,,
Sun Jan 27 2013,Virginia Tech,70,Clemson,77,,
Sun Jan 27 2013,Florida State,47,Miami (FL),71,,
Tue Jan 29 2013,North Carolina,82,Boston College,70,,
Tue Jan 29 2013,Georgia Tech,60,Clemson,63,,
Date,Visitor/Neutral,PTS,Home/Neutral,PTS,OT,Notes
Tue Jan 29 2013,North Carolina State,55,Virginia,58,,
Wed Jan 30 2013,Maryland,71,Florida State,73,,
Wed Jan 30 2013,Miami (FL),73,Virginia Tech,64,,
Wed Jan 30 2013,Duke,75,Wake Forest,70,,
Sat Feb 2 2013,Clemson,68,Boston College,75,,
Sat Feb 2 2013,Duke,79,Florida State,60,,
Sat Feb 2 2013,Wake Forest,60,Maryland,86,,
Sat Feb 2 2013,Virginia Tech,60,North Carolina,72,OT,
Sat Feb 2 2013,Miami (FL),79,North Carolina State,78,,
Sun Feb 3 2013,Virginia,60,Georgia Tech,66,,
Tue Feb 5 2013,Florida State,56,Georgia Tech,54,,
Tue Feb 5 2013,Boston College,50,Miami (FL),72,,
Tue Feb 5 2013,Wake Forest,62,North Carolina,87,,
Thu Feb 7 2013,North Carolina State,85,Duke,98,,
Thu Feb 7 2013,Clemson,41,Virginia,78,,
Thu Feb 7 2013,Maryland,60,Virginia Tech,55,,
Sat Feb 9 2013,North Carolina,61,Miami (FL),87,,
Sat Feb 9 2013,Georgia Tech,64,Virginia Tech,54,,
Sat Feb 9 2013,Florida State,46,Wake Forest,71,,
Sun Feb 10 2013,Duke,62,Boston College,61,,
Date,Visitor/Neutral,PTS,Home/Neutral,PTS,OT,Notes
Sun Feb 10 2013,North Carolina State,58,Clemson,57,,
Sun Feb 10 2013,Virginia,80,Maryland,69,,
Tue Feb 12 2013,Virginia Tech,55,Virginia,73,,
Wed Feb 13 2013,Wake Forest,63,Boston College,66,,
Wed Feb 13 2013,North Carolina,68,Duke,73,,
Wed Feb 13 2013,Miami (FL),74,Florida State,68,,
Thu Feb 14 2013,Clemson,56,Georgia Tech,53,,
Sat Feb 16 2013,Boston College,66,Florida State,69,,
Sat Feb 16 2013,Duke,81,Maryland,83,,
Sat Feb 16 2013,Virginia,81,North Carolina,93,,
Sat Feb 16 2013,Virginia Tech,86,North Carolina State,90,OT,
Sat Feb 16 2013,Georgia Tech,57,Wake Forest,56,,
Sun Feb 17 2013,Miami (FL),45,Clemson,43,,
Tue Feb 19 2013,Maryland,58,Boston College,69,,
Tue Feb 19 2013,North Carolina,70,Georgia Tech,58,,
Tue Feb 19 2013,Virginia,50,Miami (FL),54,,
Tue Feb 19 2013,Florida State,66,North Carolina State,84,,
Thu Feb 21 2013,Duke,88,Virginia Tech,56,,
Sat Feb 23 2013,Clemson,59,Maryland,72,,
Sat Feb 23 2013,North Carolina State,65,North Carolina,76,,
Date,Visitor/Neutral,PTS,Home/Neutral,PTS,OT,Notes
Sat Feb 23 2013,Miami (FL),65,Wake Forest,80,,
Sun Feb 24 2013,Boston College,68,Duke,89,,
Sun Feb 24 2013,Georgia Tech,54,Virginia,82,,
Sun Feb 24 2013,Florida State,70,Virginia Tech,80,,
Tue Feb 26 2013,Wake Forest,62,Florida State,76,,
Wed Feb 27 2013,Maryland,68,Georgia Tech,78,,
Wed Feb 27 2013,Virginia Tech,58,Miami (FL),76,,
Wed Feb 27 2013,Boston College,64,North Carolina State,82,,
Thu Feb 28 2013,North Carolina,68,Clemson,59,,
Thu Feb 28 2013,Duke,68,Virginia,73,,
Sat Mar 2 2013,Miami (FL),76,Duke,79,,
Sat Mar 2 2013,Clemson,61,Virginia Tech,69,,
Sat Mar 2 2013,Maryland,67,Wake Forest,57,,
Sun Mar 3 2013,Virginia,52,Boston College,53,,
Sun Mar 3 2013,North Carolina State,70,Georgia Tech,57,,
Sun Mar 3 2013,Florida State,58,North Carolina,79,,
Tue Mar 5 2013,Boston College,68,Clemson,61,,
Tue Mar 5 2013,Virginia Tech,57,Duke,85,,
Wed Mar 6 2013,North Carolina,79,Maryland,68,,
Wed Mar 6 2013,Georgia Tech,71,Miami (FL),69,,
Date,Visitor/Neutral,PTS,Home/Neutral,PTS,OT,Notes
Wed Mar 6 2013,Wake Forest,66,North Carolina State,81,,
Thu Mar 7 2013,Virginia,51,Florida State,53,,
Sat Mar 9 2013,Georgia Tech,72,Boston College,74,,
Sat Mar 9 2013,North Carolina State,67,Florida State,71,,
Sat Mar 9 2013,Clemson,49,Miami (FL),62,,
Sat Mar 9 2013,Duke,69,North Carolina,53,,
Sun Mar 10 2013,Maryland,58,Virginia,61,OT,
Sun Mar 10 2013,Virginia Tech,79,Wake Forest,90,,
Thu Mar 14 2013,Georgia Tech,64,Boston College,84,,ACC First Round
Thu Mar 14 2013,Florida State,73,Clemson,69,,ACC First Round
Thu Mar 14 2013,Wake Forest,62,Maryland,75,,ACC First Round
Thu Mar 14 2013,Virginia Tech,63,North Carolina State,80,,ACC First Round
Fri Mar 15 2013,Miami (FL),69,Boston College,58,,ACC Quarterfinal Round
Fri Mar 15 2013,Maryland,83,Duke,74,,ACC Quarterfinal Round
Fri Mar 15 2013,North Carolina,83,Florida State,62,,ACC Quarterfinal Round
Fri Mar 15 2013,Virginia,56,North Carolina State,75,,ACC Quarterfinal Round
Sat Mar 16 2013,North Carolina,79,Maryland,76,,ACC Semifinal Round
Sat Mar 16 2013,North Carolina State,71,Miami (FL),81,,ACC Semifinal Round
Sun Mar 17 2013,North Carolina,77,Miami (FL),87,,ACC Final
Date,Visitor/Neutral,PTS,Home/Neutral,PTS,OT,Notes
Tue Jan 8 2013,Alabama,68,Missouri,84,,
Wed Jan 9 2013,Louisiana State,63,Auburn,68,,
Wed Jan 9 2013,Georgia,44,Florida,77,,
Wed Jan 9 2013,South Carolina,54,Mississippi State,56,,
Wed Jan 9 2013,Mississippi,92,Tennessee,74,,
Wed Jan 9 2013,Arkansas,51,Texas A&M,69,,
Thu Jan 10 2013,Kentucky,60,Vanderbilt,58,,
Sat Jan 12 2013,Tennessee,65,Alabama,68,,
Sat Jan 12 2013,Vanderbilt,33,Arkansas,56,,
Sat Jan 12 2013,Mississippi State,72,Georgia,61,,
Sat Jan 12 2013,Texas A&M,83,Kentucky,71,,
Sat Jan 12 2013,Florida,74,Louisiana State,52,,
Sat Jan 12 2013,Missouri,49,Mississippi,64,,
Sat Jan 12 2013,Auburn,74,South Carolina,71,,
Tue Jan 15 2013,Tennessee,65,Kentucky,75,,
Tue Jan 15 2013,Mississippi,89,Vanderbilt,79,OT,
Wed Jan 16 2013,Auburn,80,Arkansas,88,2OT,
Wed Jan 16 2013,South Carolina,82,Louisiana State,73,OT,
Wed Jan 16 2013,Alabama,75,Mississippi State,43,,
Wed Jan 16 2013,Georgia,62,Missouri,79,,
Date,Visitor/Neutral,PTS,Home/Neutral,PTS,OT,Notes
Thu Jan 17 2013,Florida,68,Texas A&M,47,,
Sat Jan 19 2013,Texas A&M,49,Alabama,50,,
Sat Jan 19 2013,Kentucky,75,Auburn,53,,
Sat Jan 19 2013,Missouri,52,Florida,83,,
Sat Jan 19 2013,Louisiana State,58,Georgia,67,,
Sat Jan 19 2013,Arkansas,64,Mississippi,76,,
Sat Jan 19 2013,Vanderbilt,58,South Carolina,51,,
Sat Jan 19 2013,Mississippi State,57,Tennessee,72,,
Tue Jan 22 2013,Kentucky,55,Alabama,59,,
Tue Jan 22 2013,South Carolina,65,Missouri,71,,
Wed Jan 23 2013,Mississippi State,70,Arkansas,96,,
Wed Jan 23 2013,Florida,64,Georgia,47,,
Wed Jan 23 2013,Texas A&M,54,Louisiana State,58,,
Wed Jan 23 2013,Auburn,61,Vanderbilt,73,,
Thu Jan 24 2013,Tennessee,56,Mississippi,62,,
Sat Jan 26 2013,Mississippi,63,Auburn,61,,
Sat Jan 26 2013,Louisiana State,70,Kentucky,75,,
Sat Jan 26 2013,Florida,82,Mississippi State,47,,
Sat Jan 26 2013,Vanderbilt,59,Missouri,81,,
Sat Jan 26 2013,Arkansas,54,South Carolina,75,,
Date,Visitor/Neutral,PTS,Home/Neutral,PTS,OT,Notes
Sat Jan 26 2013,Alabama,53,Tennessee,54,,
Sat Jan 26 2013,Georgia,59,Texas A&M,52,,
Tue Jan 29 2013,Kentucky,87,Mississippi,74,,
Tue Jan 29 2013,Vanderbilt,57,Tennessee,58,,
Wed Jan 30 2013,South Carolina,36,Florida,75,,
Wed Jan 30 2013,Auburn,49,Georgia,57,,
Wed Jan 30 2013,Missouri,70,Louisiana State,73,,
Wed Jan 30 2013,Texas A&M,55,Mississippi State,49,OT,
Thu Jan 31 2013,Arkansas,56,Alabama,59,,
Sat Feb 2 2013,Tennessee,60,Arkansas,73,,
Sat Feb 2 2013,Mississippi,64,Florida,78,,
Sat Feb 2 2013,Louisiana State,69,Mississippi State,68,,
Sat Feb 2 2013,Auburn,77,Missouri,91,,
Sat Feb 2 2013,Georgia,67,South Carolina,56,,
Sat Feb 2 2013,Kentucky,72,Texas A&M,68,OT,
Sat Feb 2 2013,Alabama,58,Vanderbilt,54,,
Tue Feb 5 2013,Florida,69,Arkansas,80,,
Tue Feb 5 2013,South Carolina,55,Kentucky,77,,
Wed Feb 6 2013,Alabama,37,Auburn,49,,
Wed Feb 6 2013,Vanderbilt,56,Louisiana State,57,,
Date,Visitor/Neutral,PTS,Home/Neutral,PTS,OT,Notes
Wed Feb 6 2013,Mississippi State,75,Mississippi,93,,
Wed Feb 6 2013,Georgia,68,Tennessee,62,,
Thu Feb 7 2013,Missouri,68,Texas A&M,70,,
Sat Feb 9 2013,Louisiana State,57,Alabama,60,,
Sat Feb 9 2013,Mississippi State,58,Florida,83,,
Sat Feb 9 2013,Texas A&M,46,Georgia,52,,
Sat Feb 9 2013,Auburn,62,Kentucky,72,,
Sat Feb 9 2013,Mississippi,79,Missouri,98,,
Sat Feb 9 2013,Arkansas,49,Vanderbilt,67,,
Sun Feb 10 2013,Tennessee,66,South Carolina,61,,
Tue Feb 12 2013,Kentucky,52,Florida,69,,
Tue Feb 12 2013,Alabama,52,Georgia,45,,
Wed Feb 13 2013,Arkansas,83,Auburn,75,,
Wed Feb 13 2013,Missouri,78,Mississippi State,36,,
Wed Feb 13 2013,Mississippi,67,Texas A&M,69,,
Wed Feb 13 2013,Tennessee,58,Vanderbilt,46,,
Thu Feb 14 2013,Louisiana State,64,South Carolina,46,,
Sat Feb 16 2013,South Carolina,58,Alabama,68,,
Sat Feb 16 2013,Missouri,71,Arkansas,73,,
Sat Feb 16 2013,Florida,83,Auburn,52,,
Date,Visitor/Neutral,PTS,Home/Neutral,PTS,OT,Notes
Sat Feb 16 2013,Mississippi State,68,Louisiana State,80,,
Sat Feb 16 2013,Georgia,74,Mississippi,84,OT,
Sat Feb 16 2013,Kentucky,58,Tennessee,88,,
Sat Feb 16 2013,Texas A&M,56,Vanderbilt,63,,
Tue Feb 19 2013,Florida,60,Missouri,63,,
Tue Feb 19 2013,Louisiana State,72,Tennessee,82,,
Wed Feb 20 2013,Mississippi State,56,Alabama,64,,
Wed Feb 20 2013,Texas A&M,65,Auburn,56,,
Wed Feb 20 2013,Vanderbilt,70,Kentucky,74,,
Wed Feb 20 2013,Mississippi,62,South Carolina,63,,
Thu Feb 21 2013,Georgia,60,Arkansas,62,,
Sat Feb 23 2013,Arkansas,54,Florida,71,,
Sat Feb 23 2013,South Carolina,54,Georgia,62,OT,
Sat Feb 23 2013,Missouri,83,Kentucky,90,OT,
Sat Feb 23 2013,Alabama,94,Louisiana State,97,3OT,
Sat Feb 23 2013,Auburn,55,Mississippi,88,,
Sat Feb 23 2013,Vanderbilt,72,Mississippi State,31,,
Sat Feb 23 2013,Tennessee,93,Texas A&M,85,4OT,
Tue Feb 26 2013,Auburn,43,Alabama,61,,
Tue Feb 26 2013,Florida,58,Tennessee,64,,
Date,Visitor/Neutral,PTS,Home/Neutral,PTS,OT,Notes
Wed Feb 27 2013,Mississippi State,55,Kentucky,85,,
Wed Feb 27 2013,Arkansas,60,Louisiana State,65,,
Wed Feb 27 2013,Texas A&M,73,Mississippi,82,,
Wed Feb 27 2013,Georgia,62,Vanderbilt,63,,
Thu Feb 28 2013,Missouri,90,South Carolina,68,,
Sat Mar 2 2013,Kentucky,60,Arkansas,73,,
Sat Mar 2 2013,Vanderbilt,62,Auburn,55,,
Sat Mar 2 2013,Alabama,52,Florida,64,,
Sat Mar 2 2013,Tennessee,68,Georgia,78,,
Sat Mar 2 2013,Mississippi,67,Mississippi State,73,,
Sat Mar 2 2013,Louisiana State,76,Missouri,89,,
Sat Mar 2 2013,South Carolina,56,Texas A&M,74,,
Tue Mar 5 2013,Alabama,83,Mississippi,87,,
Tue Mar 5 2013,Arkansas,63,Missouri,93,,
Wed Mar 6 2013,Tennessee,82,Auburn,75,,
Wed Mar 6 2013,Vanderbilt,40,Florida,66,,
Wed Mar 6 2013,Mississippi State,72,South Carolina,79,,
Wed Mar 6 2013,Louisiana State,68,Texas A&M,57,,
Thu Mar 7 2013,Kentucky,62,Georgia,72,,
Sat Mar 9 2013,Georgia,58,Alabama,61,,
Date,Visitor/Neutral,PTS,Home/Neutral,PTS,OT,Notes
Sat Mar 9 2013,Texas A&M,62,Arkansas,73,,
Sat Mar 9 2013,Florida,57,Kentucky,61,,
Sat Mar 9 2013,Mississippi,81,Louisiana State,67,,
Sat Mar 9 2013,Auburn,71,Mississippi State,74,OT,
Sat Mar 9 2013,Missouri,62,Tennessee,64,,
Sat Mar 9 2013,South Carolina,64,Vanderbilt,74,,
Wed Mar 13 2013,Texas A&M,71,Auburn,62,,SEC First Round
Wed Mar 13 2013,South Carolina,59,Mississippi State,70,,SEC First Round
Thu Mar 14 2013,Vanderbilt,75,Arkansas,72,,SEC Second Round
Thu Mar 14 2013,Louisiana State,68,Georgia,63,,SEC Second Round
Thu Mar 14 2013,Tennessee,69,Mississippi State,53,,SEC Second Round
Thu Mar 14 2013,Texas A&M,50,Missouri,62,,SEC Second Round
Fri Mar 15 2013,Tennessee,48,Alabama,58,,SEC Quarterfinal Round
Fri Mar 15 2013,Louisiana State,58,Florida,80,,SEC Quarterfinal Round
Fri Mar 15 2013,Vanderbilt,64,Kentucky,48,,SEC Quarterfinal Round
Fri Mar 15 2013,Missouri,62,Mississippi,64,,SEC Quarterfinal Round
Sat Mar 16 2013,Florida,61,Alabama,51,,SEC Semifinal Round
Sat Mar 16 2013,Vanderbilt,52,Mississippi,64,,SEC Semifinal Round
Sun Mar 17 2013,Mississippi,66,Florida,63,,SEC Final
